id,rationale_original_final,rationale_lexical_final,rationale_syntactic_final,rationale_pragmatic_final
1,NEUTRAL,NEUTRAL,NEUTRAL,NEUTRAL
2,NEUTRAL,NEUTRAL,NEUTRAL,NEUTRAL
6,ENTAILMENT,NEUTRAL,NEUTRAL,NEUTRAL
7,ENTAILMENT,ENTAILMENT,ENTAILMENT,ENTAILMENT
8,ENTAILMENT,ENTAILMENT,ENTAILMENT,ENTAILMENT
11,NEUTRAL,NEUTRAL,NEUTRAL,NEUTRAL
12,NEUTRAL,NEUTRAL,NEUTRAL,NEUTRAL
13,NEUTRAL,NEUTRAL,NEUTRAL,NEUTRAL
14,NEUTRAL,CONTRADICTION,NEUTRAL,ENTAILMENT
15,CONTRADICTION,NEUTRAL,NEUTRAL,NEUTRAL
16,ENTAILMENT,ENTAILMENT,ENTAILMENT,ENTAILMENT
17,CONTRADICTION,CONTRADICTION,NEUTRAL,CONTRADICTION
18,NEUTRAL,NEUTRAL,NEUTRAL,NEUTRAL
19,ENTAILMENT,ENTAILMENT,ENTAILMENT,ENTAILMENT
20,ENTAILMENT,NEUTRAL,ENTAILMENT,NEUTRAL
21,ENTAILMENT,ENTAILMENT,ENTAILMENT,ENTAILMENT
22,NEUTRAL,NEUTRAL,NEUTRAL,NEUTRAL
23,ENTAILMENT,ENTAILMENT,NEUTRAL,ENTAILMENT
24,NEUTRAL,NEUTRAL,NEUTRAL,ENTAILMENT
25,NEUTRAL,NEUTRAL,NEUTRAL,NEUTRAL
26,NEUTRAL,NEUTRAL,NEUTRAL,NEUTRAL
27,NEUTRAL,NEUTRAL,NEUTRAL,CONTRADICTION
28,ENTAILMENT,ENTAILMENT,ENTAILMENT,ENTAILMENT
29,ENTAILMENT,ENTAILMENT,ENTAILMENT,ENTAILMENT
30,NEUTRAL,ENTAILMENT,ENTAILMENT,NEUTRAL
31,NEUTRAL,NEUTRAL,NEUTRAL,NEUTRAL
32,ENTAILMENT,ENTAILMENT,ENTAILMENT,ENTAILMENT
33,NEUTRAL,ENTAILMENT,NEUTRAL,NEUTRAL
34,NEUTRAL,NEUTRAL,ENTAILMENT,NEUTRAL
35,CONTRADICTION,CONTRADICTION,CONTRADICTION,CONTRADICTION
36,ENTAILMENT,ENTAILMENT,ENTAILMENT,ENTAILMENT
37,NEUTRAL,NEUTRAL,CONTRADICTION,NEUTRAL
38,NEUTRAL,ENTAILMENT,NEUTRAL,ENTAILMENT
39,NEUTRAL,NEUTRAL,NEUTRAL,CONTRADICTION
41,NEUTRAL,NEUTRAL,NEUTRAL,NEUTRAL
42,ENTAILMENT,ENTAILMENT,ENTAILMENT,ENTAILMENT
44,ENTAILMENT,ENTAILMENT,ENTAILMENT,ENTAILMENT
45,NEUTRAL,ENTAILMENT,ENTAILMENT,ENTAILMENT
46,NEUTRAL,NEUTRAL,NEUTRAL,NEUTRAL
48,NEUTRAL,NEUTRAL,NEUTRAL,CONTRADICTION
50,ENTAILMENT,ENTAILMENT,ENTAILMENT,ENTAILMENT
51,ENTAILMENT,ENTAILMENT,ENTAILMENT,NEUTRAL
52,CONTRADICTION,CONTRADICTION,NEUTRAL,CONTRADICTION
53,ENTAILMENT,ENTAILMENT,ENTAILMENT,ENTAILMENT
54,ENTAILMENT,ENTAILMENT,ENTAILMENT,ENTAILMENT
55,ENTAILMENT,ENTAILMENT,ENTAILMENT,ENTAILMENT
56,NEUTRAL,NEUTRAL,NEUTRAL,NEUTRAL
58,ENTAILMENT,ENTAILMENT,NEUTRAL,ENTAILMENT
59,NEUTRAL,NEUTRAL,NEUTRAL,NEUTRAL
63,NEUTRAL,ENTAILMENT,NEUTRAL,CONTRADICTION
64,NEUTRAL,NEUTRAL,NEUTRAL,NEUTRAL
65,ENTAILMENT,ENTAILMENT,ENTAILMENT,ENTAILMENT
66,ENTAILMENT,NEUTRAL,ENTAILMENT,ENTAILMENT
67,NEUTRAL,ENTAILMENT,ENTAILMENT,ENTAILMENT
68,ENTAILMENT,ENTAILMENT,ENTAILMENT,ENTAILMENT
69,ENTAILMENT,ENTAILMENT,ENTAILMENT,ENTAILMENT
70,NEUTRAL,NEUTRAL,NEUTRAL,NEUTRAL
71,NEUTRAL,CONTRADICTION,NEUTRAL,NEUTRAL
74,NEUTRAL,NEUTRAL,NEUTRAL,NEUTRAL
75,CONTRADICTION,NEUTRAL,CONTRADICTION,NEUTRAL
77,ENTAILMENT,ENTAILMENT,ENTAILMENT,ENTAILMENT
78,ENTAILMENT,ENTAILMENT,ENTAILMENT,ENTAILMENT
79,NEUTRAL,NEUTRAL,CONTRADICTION,NEUTRAL
80,NEUTRAL,NEUTRAL,NEUTRAL,NEUTRAL
81,ENTAILMENT,ENTAILMENT,ENTAILMENT,ENTAILMENT
82,NEUTRAL,NEUTRAL,NEUTRAL,NEUTRAL
83,NEUTRAL,NEUTRAL,NEUTRAL,NEUTRAL
84,ENTAILMENT,ENTAILMENT,ENTAILMENT,ENTAILMENT
85,CONTRADICTION,NEUTRAL,NEUTRAL,NEUTRAL
86,ENTAILMENT,ENTAILMENT,ENTAILMENT,ENTAILMENT
87,NEUTRAL,NEUTRAL,NEUTRAL,NEUTRAL
88,CONTRADICTION,NEUTRAL,NEUTRAL,NEUTRAL
89,NEUTRAL,ENTAILMENT,NEUTRAL,NEUTRAL
90,ENTAILMENT,ENTAILMENT,ENTAILMENT,ENTAILMENT
91,NEUTRAL,NEUTRAL,ENTAILMENT,ENTAILMENT
92,ENTAILMENT,ENTAILMENT,ENTAILMENT,ENTAILMENT
93,ENTAILMENT,ENTAILMENT,ENTAILMENT,ENTAILMENT
95,CONTRADICTION,CONTRADICTION,NEUTRAL,NEUTRAL
97,ENTAILMENT,ENTAILMENT,ENTAILMENT,NEUTRAL
99,CONTRADICTION,CONTRADICTION,CONTRADICTION,CONTRADICTION
101,ENTAILMENT,ENTAILMENT,NEUTRAL,ENTAILMENT
102,NEUTRAL,NEUTRAL,NEUTRAL,NEUTRAL
103,ENTAILMENT,ENTAILMENT,ENTAILMENT,ENTAILMENT
104,ENTAILMENT,ENTAILMENT,ENTAILMENT,ENTAILMENT
106,NEUTRAL,NEUTRAL,NEUTRAL,NEUTRAL
107,NEUTRAL,NEUTRAL,ENTAILMENT,NEUTRAL
108,ENTAILMENT,ENTAILMENT,ENTAILMENT,ENTAILMENT
109,CONTRADICTION,NEUTRAL,CONTRADICTION,NEUTRAL
110,NEUTRAL,NEUTRAL,NEUTRAL,NEUTRAL
111,ENTAILMENT,NEUTRAL,ENTAILMENT,NEUTRAL
112,CONTRADICTION,CONTRADICTION,NEUTRAL,CONTRADICTION
114,NEUTRAL,NEUTRAL,NEUTRAL,NEUTRAL
117,ENTAILMENT,ENTAILMENT,ENTAILMENT,ENTAILMENT
119,NEUTRAL,NEUTRAL,NEUTRAL,NEUTRAL
120,NEUTRAL,NEUTRAL,NEUTRAL,NEUTRAL
122,NEUTRAL,NEUTRAL,NEUTRAL,NEUTRAL
123,NEUTRAL,NEUTRAL,NEUTRAL,NEUTRAL
124,NEUTRAL,NEUTRAL,NEUTRAL,NEUTRAL
125,ENTAILMENT,ENTAILMENT,ENTAILMENT,ENTAILMENT
126,NEUTRAL,NEUTRAL,NEUTRAL,NEUTRAL
127,NEUTRAL,NEUTRAL,ENTAILMENT,NEUTRAL
128,ENTAILMENT,ENTAILMENT,ENTAILMENT,ENTAILMENT
130,NEUTRAL,NEUTRAL,NEUTRAL,NEUTRAL
131,ENTAILMENT,ENTAILMENT,ENTAILMENT,ENTAILMENT
132,ENTAILMENT,ENTAILMENT,ENTAILMENT,ENTAILMENT
133,NEUTRAL,CONTRADICTION,NEUTRAL,NEUTRAL
134,NEUTRAL,NEUTRAL,NEUTRAL,NEUTRAL
135,NEUTRAL,NEUTRAL,NEUTRAL,NEUTRAL
136,ENTAILMENT,ENTAILMENT,ENTAILMENT,ENTAILMENT
137,ENTAILMENT,NEUTRAL,ENTAILMENT,NEUTRAL
138,ENTAILMENT,ENTAILMENT,NEUTRAL,ENTAILMENT
141,ENTAILMENT,ENTAILMENT,ENTAILMENT,ENTAILMENT
142,ENTAILMENT,ENTAILMENT,ENTAILMENT,ENTAILMENT
143,NEUTRAL,NEUTRAL,NEUTRAL,NEUTRAL
144,NEUTRAL,NEUTRAL,NEUTRAL,NEUTRAL
146,ENTAILMENT,ENTAILMENT,ENTAILMENT,ENTAILMENT
148,CONTRADICTION,CONTRADICTION,CONTRADICTION,CONTRADICTION
150,ENTAILMENT,ENTAILMENT,NEUTRAL,ENTAILMENT
151,NEUTRAL,NEUTRAL,NEUTRAL,NEUTRAL
152,ENTAILMENT,ENTAILMENT,ENTAILMENT,ENTAILMENT
154,ENTAILMENT,ENTAILMENT,ENTAILMENT,ENTAILMENT
156,NEUTRAL,NEUTRAL,ENTAILMENT,NEUTRAL
157,ENTAILMENT,ENTAILMENT,ENTAILMENT,ENTAILMENT
159,ENTAILMENT,ENTAILMENT,ENTAILMENT,ENTAILMENT
160,ENTAILMENT,ENTAILMENT,ENTAILMENT,ENTAILMENT
161,ENTAILMENT,ENTAILMENT,ENTAILMENT,ENTAILMENT
164,NEUTRAL,NEUTRAL,NEUTRAL,NEUTRAL
165,NEUTRAL,NEUTRAL,NEUTRAL,NEUTRAL
167,CONTRADICTION,CONTRADICTION,CONTRADICTION,CONTRADICTION
168,NEUTRAL,NEUTRAL,NEUTRAL,NEUTRAL
169,NEUTRAL,NEUTRAL,CONTRADICTION,ENTAILMENT
170,ENTAILMENT,ENTAILMENT,ENTAILMENT,ENTAILMENT
171,ENTAILMENT,ENTAILMENT,ENTAILMENT,ENTAILMENT
173,ENTAILMENT,ENTAILMENT,ENTAILMENT,ENTAILMENT
174,NEUTRAL,NEUTRAL,NEUTRAL,NEUTRAL
175,ENTAILMENT,ENTAILMENT,ENTAILMENT,ENTAILMENT
177,ENTAILMENT,ENTAILMENT,ENTAILMENT,ENTAILMENT
179,CONTRADICTION,CONTRADICTION,NEUTRAL,NEUTRAL
180,ENTAILMENT,ENTAILMENT,ENTAILMENT,ENTAILMENT
181,CONTRADICTION,CONTRADICTION,NEUTRAL,CONTRADICTION
182,NEUTRAL,NEUTRAL,CONTRADICTION,CONTRADICTION
183,ENTAILMENT,ENTAILMENT,ENTAILMENT,ENTAILMENT
184,ENTAILMENT,ENTAILMENT,ENTAILMENT,ENTAILMENT
185,ENTAILMENT,ENTAILMENT,ENTAILMENT,ENTAILMENT
186,NEUTRAL,NEUTRAL,NEUTRAL,NEUTRAL
187,ENTAILMENT,ENTAILMENT,ENTAILMENT,ENTAILMENT
188,NEUTRAL,NEUTRAL,NEUTRAL,NEUTRAL
189,ENTAILMENT,ENTAILMENT,ENTAILMENT,ENTAILMENT
190,ENTAILMENT,ENTAILMENT,ENTAILMENT,ENTAILMENT
191,CONTRADICTION,NEUTRAL,NEUTRAL,NEUTRAL
193,NEUTRAL,ENTAILMENT,ENTAILMENT,ENTAILMENT
194,ENTAILMENT,ENTAILMENT,ENTAILMENT,ENTAILMENT
195,NEUTRAL,NEUTRAL,NEUTRAL,NEUTRAL
196,ENTAILMENT,ENTAILMENT,ENTAILMENT,ENTAILMENT
198,ENTAILMENT,ENTAILMENT,ENTAILMENT,ENTAILMENT
199,CONTRADICTION,CONTRADICTION,CONTRADICTION,CONTRADICTION
200,ENTAILMENT,ENTAILMENT,ENTAILMENT,ENTAILMENT
202,ENTAILMENT,ENTAILMENT,ENTAILMENT,ENTAILMENT
204,NEUTRAL,NEUTRAL,NEUTRAL,NEUTRAL
205,NEUTRAL,NEUTRAL,NEUTRAL,NEUTRAL
207,ENTAILMENT,ENTAILMENT,ENTAILMENT,ENTAILMENT
208,ENTAILMENT,ENTAILMENT,ENTAILMENT,ENTAILMENT
209,NEUTRAL,ENTAILMENT,ENTAILMENT,ENTAILMENT
210,NEUTRAL,NEUTRAL,NEUTRAL,NEUTRAL
211,ENTAILMENT,ENTAILMENT,ENTAILMENT,ENTAILMENT
212,NEUTRAL,NEUTRAL,NEUTRAL,NEUTRAL
213,ENTAILMENT,ENTAILMENT,ENTAILMENT,ENTAILMENT
214,ENTAILMENT,ENTAILMENT,ENTAILMENT,ENTAILMENT
215,NEUTRAL,ENTAILMENT,NEUTRAL,NEUTRAL
217,CONTRADICTION,CONTRADICTION,NEUTRAL,NEUTRAL
218,NEUTRAL,NEUTRAL,NEUTRAL,NEUTRAL
219,CONTRADICTION,CONTRADICTION,CONTRADICTION,CONTRADICTION
220,NEUTRAL,CONTRADICTION,NEUTRAL,CONTRADICTION
223,ENTAILMENT,ENTAILMENT,ENTAILMENT,ENTAILMENT
224,NEUTRAL,NEUTRAL,NEUTRAL,NEUTRAL
225,NEUTRAL,NEUTRAL,NEUTRAL,ENTAILMENT
227,ENTAILMENT,ENTAILMENT,ENTAILMENT,ENTAILMENT
228,NEUTRAL,NEUTRAL,NEUTRAL,NEUTRAL
229,CONTRADICTION,NEUTRAL,NEUTRAL,NEUTRAL
230,NEUTRAL,NEUTRAL,NEUTRAL,NEUTRAL
231,ENTAILMENT,ENTAILMENT,ENTAILMENT,ENTAILMENT
232,ENTAILMENT,ENTAILMENT,ENTAILMENT,ENTAILMENT
234,CONTRADICTION,CONTRADICTION,CONTRADICTION,CONTRADICTION
235,NEUTRAL,NEUTRAL,NEUTRAL,ENTAILMENT
236,NEUTRAL,NEUTRAL,NEUTRAL,NEUTRAL
237,NEUTRAL,NEUTRAL,NEUTRAL,ENTAILMENT
238,NEUTRAL,NEUTRAL,ENTAILMENT,ENTAILMENT
242,NEUTRAL,ENTAILMENT,NEUTRAL,NEUTRAL
243,NEUTRAL,NEUTRAL,NEUTRAL,NEUTRAL
245,ENTAILMENT,ENTAILMENT,ENTAILMENT,ENTAILMENT
247,NEUTRAL,ENTAILMENT,NEUTRAL,NEUTRAL
249,ENTAILMENT,ENTAILMENT,ENTAILMENT,ENTAILMENT
250,NEUTRAL,NEUTRAL,NEUTRAL,NEUTRAL
251,ENTAILMENT,ENTAILMENT,ENTAILMENT,ENTAILMENT
252,NEUTRAL,CONTRADICTION,CONTRADICTION,CONTRADICTION
253,NEUTRAL,NEUTRAL,ENTAILMENT,NEUTRAL
255,NEUTRAL,NEUTRAL,NEUTRAL,NEUTRAL
256,ENTAILMENT,ENTAILMENT,ENTAILMENT,ENTAILMENT
258,CONTRADICTION,CONTRADICTION,CONTRADICTION,NEUTRAL
259,NEUTRAL,NEUTRAL,NEUTRAL,NEUTRAL
260,ENTAILMENT,ENTAILMENT,ENTAILMENT,ENTAILMENT
261,ENTAILMENT,ENTAILMENT,ENTAILMENT,ENTAILMENT
262,NEUTRAL,NEUTRAL,NEUTRAL,NEUTRAL
263,ENTAILMENT,ENTAILMENT,CONTRADICTION,ENTAILMENT
264,NEUTRAL,NEUTRAL,CONTRADICTION,CONTRADICTION
265,CONTRADICTION,CONTRADICTION,CONTRADICTION,CONTRADICTION
267,NEUTRAL,NEUTRAL,NEUTRAL,NEUTRAL
269,NEUTRAL,CONTRADICTION,NEUTRAL,NEUTRAL
270,NEUTRAL,NEUTRAL,ENTAILMENT,NEUTRAL
271,NEUTRAL,CONTRADICTION,NEUTRAL,CONTRADICTION
272,CONTRADICTION,CONTRADICTION,CONTRADICTION,CONTRADICTION
274,ENTAILMENT,ENTAILMENT,ENTAILMENT,ENTAILMENT
275,CONTRADICTION,CONTRADICTION,CONTRADICTION,NEUTRAL
276,CONTRADICTION,NEUTRAL,NEUTRAL,NEUTRAL
277,CONTRADICTION,CONTRADICTION,CONTRADICTION,CONTRADICTION
279,NEUTRAL,NEUTRAL,NEUTRAL,NEUTRAL
280,NEUTRAL,ENTAILMENT,ENTAILMENT,ENTAILMENT
281,NEUTRAL,NEUTRAL,NEUTRAL,NEUTRAL
282,ENTAILMENT,ENTAILMENT,ENTAILMENT,ENTAILMENT
284,ENTAILMENT,CONTRADICTION,ENTAILMENT,ENTAILMENT
285,NEUTRAL,ENTAILMENT,NEUTRAL,NEUTRAL
286,NEUTRAL,NEUTRAL,NEUTRAL,NEUTRAL
288,CONTRADICTION,CONTRADICTION,CONTRADICTION,CONTRADICTION
289,NEUTRAL,NEUTRAL,NEUTRAL,NEUTRAL
290,ENTAILMENT,ENTAILMENT,ENTAILMENT,ENTAILMENT
291,ENTAILMENT,ENTAILMENT,ENTAILMENT,ENTAILMENT
294,NEUTRAL,NEUTRAL,NEUTRAL,NEUTRAL
295,ENTAILMENT,ENTAILMENT,ENTAILMENT,ENTAILMENT
297,NEUTRAL,NEUTRAL,NEUTRAL,NEUTRAL
298,ENTAILMENT,ENTAILMENT,ENTAILMENT,ENTAILMENT
299,ENTAILMENT,ENTAILMENT,ENTAILMENT,ENTAILMENT
300,ENTAILMENT,ENTAILMENT,NEUTRAL,ENTAILMENT
301,NEUTRAL,NEUTRAL,NEUTRAL,NEUTRAL
302,ENTAILMENT,ENTAILMENT,ENTAILMENT,ENTAILMENT
305,CONTRADICTION,NEUTRAL,CONTRADICTION,CONTRADICTION
306,ENTAILMENT,NEUTRAL,ENTAILMENT,ENTAILMENT
307,NEUTRAL,ENTAILMENT,NEUTRAL,ENTAILMENT
308,NEUTRAL,NEUTRAL,CONTRADICTION,NEUTRAL
310,NEUTRAL,NEUTRAL,NEUTRAL,NEUTRAL
311,ENTAILMENT,ENTAILMENT,ENTAILMENT,ENTAILMENT
312,ENTAILMENT,ENTAILMENT,ENTAILMENT,ENTAILMENT
314,ENTAILMENT,ENTAILMENT,ENTAILMENT,NEUTRAL
315,NEUTRAL,NEUTRAL,NEUTRAL,CONTRADICTION
316,CONTRADICTION,NEUTRAL,CONTRADICTION,NEUTRAL
318,NEUTRAL,NEUTRAL,NEUTRAL,NEUTRAL
319,NEUTRAL,NEUTRAL,NEUTRAL,NEUTRAL
320,NEUTRAL,NEUTRAL,NEUTRAL,NEUTRAL
321,ENTAILMENT,ENTAILMENT,ENTAILMENT,ENTAILMENT
322,NEUTRAL,NEUTRAL,NEUTRAL,NEUTRAL
323,NEUTRAL,ENTAILMENT,NEUTRAL,NEUTRAL
324,NEUTRAL,CONTRADICTION,NEUTRAL,CONTRADICTION
326,CONTRADICTION,CONTRADICTION,CONTRADICTION,CONTRADICTION
327,NEUTRAL,NEUTRAL,NEUTRAL,NEUTRAL
328,ENTAILMENT,ENTAILMENT,ENTAILMENT,ENTAILMENT
329,ENTAILMENT,ENTAILMENT,NEUTRAL,ENTAILMENT
330,ENTAILMENT,ENTAILMENT,NEUTRAL,ENTAILMENT
332,NEUTRAL,ENTAILMENT,NEUTRAL,NEUTRAL
333,NEUTRAL,NEUTRAL,NEUTRAL,NEUTRAL
334,ENTAILMENT,ENTAILMENT,ENTAILMENT,ENTAILMENT
335,CONTRADICTION,CONTRADICTION,NEUTRAL,NEUTRAL
337,NEUTRAL,NEUTRAL,NEUTRAL,NEUTRAL
339,NEUTRAL,ENTAILMENT,ENTAILMENT,NEUTRAL
340,ENTAILMENT,ENTAILMENT,ENTAILMENT,ENTAILMENT
341,NEUTRAL,NEUTRAL,NEUTRAL,NEUTRAL
342,NEUTRAL,NEUTRAL,NEUTRAL,NEUTRAL
343,ENTAILMENT,ENTAILMENT,ENTAILMENT,ENTAILMENT
345,NEUTRAL,NEUTRAL,NEUTRAL,NEUTRAL
346,NEUTRAL,ENTAILMENT,NEUTRAL,ENTAILMENT
347,NEUTRAL,NEUTRAL,CONTRADICTION,NEUTRAL
348,NEUTRAL,NEUTRAL,CONTRADICTION,NEUTRAL
349,ENTAILMENT,ENTAILMENT,ENTAILMENT,ENTAILMENT
351,ENTAILMENT,ENTAILMENT,ENTAILMENT,ENTAILMENT
352,NEUTRAL,NEUTRAL,NEUTRAL,NEUTRAL
353,ENTAILMENT,CONTRADICTION,ENTAILMENT,ENTAILMENT
355,NEUTRAL,NEUTRAL,NEUTRAL,NEUTRAL
356,ENTAILMENT,ENTAILMENT,ENTAILMENT,ENTAILMENT
357,CONTRADICTION,CONTRADICTION,CONTRADICTION,CONTRADICTION
358,NEUTRAL,NEUTRAL,CONTRADICTION,NEUTRAL
360,NEUTRAL,NEUTRAL,ENTAILMENT,NEUTRAL
361,ENTAILMENT,ENTAILMENT,ENTAILMENT,ENTAILMENT
362,CONTRADICTION,CONTRADICTION,CONTRADICTION,CONTRADICTION
365,ENTAILMENT,ENTAILMENT,ENTAILMENT,ENTAILMENT
366,NEUTRAL,ENTAILMENT,ENTAILMENT,ENTAILMENT
367,ENTAILMENT,ENTAILMENT,NEUTRAL,NEUTRAL
368,ENTAILMENT,ENTAILMENT,ENTAILMENT,ENTAILMENT
369,NEUTRAL,NEUTRAL,NEUTRAL,NEUTRAL
370,NEUTRAL,NEUTRAL,NEUTRAL,NEUTRAL
371,ENTAILMENT,ENTAILMENT,ENTAILMENT,ENTAILMENT
372,ENTAILMENT,ENTAILMENT,ENTAILMENT,ENTAILMENT
373,CONTRADICTION,CONTRADICTION,CONTRADICTION,CONTRADICTION
374,ENTAILMENT,ENTAILMENT,ENTAILMENT,ENTAILMENT
375,NEUTRAL,NEUTRAL,NEUTRAL,NEUTRAL
376,ENTAILMENT,NEUTRAL,ENTAILMENT,ENTAILMENT
377,NEUTRAL,ENTAILMENT,NEUTRAL,NEUTRAL
378,ENTAILMENT,ENTAILMENT,ENTAILMENT,NEUTRAL
379,ENTAILMENT,ENTAILMENT,ENTAILMENT,ENTAILMENT
381,ENTAILMENT,ENTAILMENT,ENTAILMENT,ENTAILMENT
382,ENTAILMENT,ENTAILMENT,ENTAILMENT,ENTAILMENT
383,NEUTRAL,NEUTRAL,NEUTRAL,NEUTRAL
384,ENTAILMENT,ENTAILMENT,ENTAILMENT,ENTAILMENT
385,ENTAILMENT,ENTAILMENT,ENTAILMENT,ENTAILMENT
386,NEUTRAL,NEUTRAL,NEUTRAL,NEUTRAL
387,CONTRADICTION,CONTRADICTION,CONTRADICTION,NEUTRAL
388,ENTAILMENT,ENTAILMENT,ENTAILMENT,ENTAILMENT
389,ENTAILMENT,ENTAILMENT,ENTAILMENT,ENTAILMENT
390,NEUTRAL,NEUTRAL,NEUTRAL,NEUTRAL
393,NEUTRAL,NEUTRAL,NEUTRAL,NEUTRAL
394,ENTAILMENT,NEUTRAL,ENTAILMENT,ENTAILMENT
395,ENTAILMENT,ENTAILMENT,ENTAILMENT,ENTAILMENT
397,CONTRADICTION,CONTRADICTION,CONTRADICTION,CONTRADICTION
399,NEUTRAL,NEUTRAL,NEUTRAL,ENTAILMENT
400,ENTAILMENT,ENTAILMENT,ENTAILMENT,ENTAILMENT
401,ENTAILMENT,ENTAILMENT,ENTAILMENT,ENTAILMENT
402,ENTAILMENT,ENTAILMENT,ENTAILMENT,ENTAILMENT
403,ENTAILMENT,ENTAILMENT,ENTAILMENT,ENTAILMENT
404,NEUTRAL,NEUTRAL,NEUTRAL,NEUTRAL
405,NEUTRAL,ENTAILMENT,NEUTRAL,NEUTRAL
407,CONTRADICTION,CONTRADICTION,NEUTRAL,CONTRADICTION
409,CONTRADICTION,CONTRADICTION,CONTRADICTION,CONTRADICTION
410,ENTAILMENT,ENTAILMENT,ENTAILMENT,ENTAILMENT
411,ENTAILMENT,ENTAILMENT,ENTAILMENT,ENTAILMENT
412,ENTAILMENT,ENTAILMENT,ENTAILMENT,ENTAILMENT
413,NEUTRAL,NEUTRAL,ENTAILMENT,ENTAILMENT
414,NEUTRAL,NEUTRAL,NEUTRAL,NEUTRAL
415,ENTAILMENT,ENTAILMENT,ENTAILMENT,ENTAILMENT
416,NEUTRAL,NEUTRAL,NEUTRAL,NEUTRAL
417,ENTAILMENT,ENTAILMENT,ENTAILMENT,ENTAILMENT
420,ENTAILMENT,ENTAILMENT,ENTAILMENT,ENTAILMENT
421,NEUTRAL,NEUTRAL,NEUTRAL,CONTRADICTION
422,NEUTRAL,NEUTRAL,NEUTRAL,NEUTRAL
424,CONTRADICTION,CONTRADICTION,NEUTRAL,CONTRADICTION
425,NEUTRAL,NEUTRAL,NEUTRAL,NEUTRAL
429,ENTAILMENT,NEUTRAL,NEUTRAL,NEUTRAL
430,NEUTRAL,CONTRADICTION,NEUTRAL,CONTRADICTION
431,CONTRADICTION,CONTRADICTION,CONTRADICTION,CONTRADICTION
432,NEUTRAL,NEUTRAL,NEUTRAL,NEUTRAL
433,NEUTRAL,CONTRADICTION,NEUTRAL,NEUTRAL
434,NEUTRAL,CONTRADICTION,NEUTRAL,NEUTRAL
435,NEUTRAL,NEUTRAL,CONTRADICTION,ENTAILMENT
437,CONTRADICTION,CONTRADICTION,CONTRADICTION,CONTRADICTION
442,NEUTRAL,NEUTRAL,NEUTRAL,NEUTRAL
443,ENTAILMENT,ENTAILMENT,ENTAILMENT,ENTAILMENT
444,ENTAILMENT,ENTAILMENT,ENTAILMENT,ENTAILMENT
445,ENTAILMENT,ENTAILMENT,ENTAILMENT,ENTAILMENT
446,ENTAILMENT,ENTAILMENT,NEUTRAL,ENTAILMENT
447,ENTAILMENT,ENTAILMENT,NEUTRAL,ENTAILMENT
448,CONTRADICTION,NEUTRAL,NEUTRAL,NEUTRAL
449,NEUTRAL,NEUTRAL,NEUTRAL,NEUTRAL
450,NEUTRAL,CONTRADICTION,CONTRADICTION,NEUTRAL
452,CONTRADICTION,CONTRADICTION,CONTRADICTION,CONTRADICTION
453,CONTRADICTION,NEUTRAL,NEUTRAL,NEUTRAL
454,NEUTRAL,NEUTRAL,NEUTRAL,NEUTRAL
456,NEUTRAL,CONTRADICTION,CONTRADICTION,CONTRADICTION
457,NEUTRAL,CONTRADICTION,NEUTRAL,NEUTRAL
458,NEUTRAL,CONTRADICTION,CONTRADICTION,CONTRADICTION
459,NEUTRAL,NEUTRAL,NEUTRAL,NEUTRAL
460,NEUTRAL,NEUTRAL,CONTRADICTION,CONTRADICTION
461,ENTAILMENT,ENTAILMENT,ENTAILMENT,ENTAILMENT
462,CONTRADICTION,NEUTRAL,NEUTRAL,CONTRADICTION
463,ENTAILMENT,ENTAILMENT,ENTAILMENT,ENTAILMENT
467,ENTAILMENT,ENTAILMENT,ENTAILMENT,ENTAILMENT
468,NEUTRAL,ENTAILMENT,NEUTRAL,NEUTRAL
470,CONTRADICTION,CONTRADICTION,CONTRADICTION,CONTRADICTION
472,ENTAILMENT,ENTAILMENT,ENTAILMENT,ENTAILMENT
473,NEUTRAL,ENTAILMENT,NEUTRAL,NEUTRAL
474,ENTAILMENT,ENTAILMENT,ENTAILMENT,ENTAILMENT
475,ENTAILMENT,CONTRADICTION,NEUTRAL,ENTAILMENT
476,NEUTRAL,NEUTRAL,NEUTRAL,NEUTRAL
479,NEUTRAL,NEUTRAL,NEUTRAL,NEUTRAL
481,ENTAILMENT,ENTAILMENT,NEUTRAL,ENTAILMENT
483,ENTAILMENT,ENTAILMENT,ENTAILMENT,ENTAILMENT
484,CONTRADICTION,CONTRADICTION,CONTRADICTION,CONTRADICTION
485,NEUTRAL,NEUTRAL,NEUTRAL,ENTAILMENT
486,NEUTRAL,CONTRADICTION,CONTRADICTION,NEUTRAL
487,NEUTRAL,NEUTRAL,NEUTRAL,NEUTRAL
489,NEUTRAL,NEUTRAL,NEUTRAL,ENTAILMENT
490,NEUTRAL,NEUTRAL,NEUTRAL,NEUTRAL
491,ENTAILMENT,ENTAILMENT,ENTAILMENT,ENTAILMENT
492,ENTAILMENT,ENTAILMENT,ENTAILMENT,ENTAILMENT
493,NEUTRAL,CONTRADICTION,CONTRADICTION,NEUTRAL
495,NEUTRAL,NEUTRAL,NEUTRAL,NEUTRAL
496,CONTRADICTION,NEUTRAL,NEUTRAL,NEUTRAL
497,NEUTRAL,NEUTRAL,NEUTRAL,NEUTRAL
499,CONTRADICTION,CONTRADICTION,CONTRADICTION,CONTRADICTION
500,NEUTRAL,NEUTRAL,NEUTRAL,NEUTRAL
501,ENTAILMENT,NEUTRAL,ENTAILMENT,ENTAILMENT
502,NEUTRAL,NEUTRAL,NEUTRAL,NEUTRAL
503,ENTAILMENT,ENTAILMENT,ENTAILMENT,ENTAILMENT
504,NEUTRAL,NEUTRAL,NEUTRAL,NEUTRAL
505,NEUTRAL,NEUTRAL,NEUTRAL,NEUTRAL
506,ENTAILMENT,ENTAILMENT,ENTAILMENT,ENTAILMENT
507,CONTRADICTION,CONTRADICTION,CONTRADICTION,CONTRADICTION
508,CONTRADICTION,CONTRADICTION,NEUTRAL,NEUTRAL
509,ENTAILMENT,ENTAILMENT,ENTAILMENT,ENTAILMENT
510,NEUTRAL,NEUTRAL,NEUTRAL,ENTAILMENT
511,ENTAILMENT,ENTAILMENT,ENTAILMENT,ENTAILMENT
512,ENTAILMENT,ENTAILMENT,ENTAILMENT,ENTAILMENT
513,NEUTRAL,NEUTRAL,NEUTRAL,NEUTRAL
514,NEUTRAL,NEUTRAL,ENTAILMENT,NEUTRAL
516,ENTAILMENT,ENTAILMENT,ENTAILMENT,ENTAILMENT
517,NEUTRAL,NEUTRAL,NEUTRAL,NEUTRAL
519,CONTRADICTION,CONTRADICTION,NEUTRAL,NEUTRAL
524,ENTAILMENT,ENTAILMENT,ENTAILMENT,ENTAILMENT
526,NEUTRAL,NEUTRAL,CONTRADICTION,NEUTRAL
529,NEUTRAL,NEUTRAL,NEUTRAL,NEUTRAL
530,NEUTRAL,NEUTRAL,NEUTRAL,NEUTRAL
531,ENTAILMENT,ENTAILMENT,ENTAILMENT,ENTAILMENT
532,ENTAILMENT,ENTAILMENT,ENTAILMENT,ENTAILMENT
535,CONTRADICTION,NEUTRAL,NEUTRAL,CONTRADICTION
538,ENTAILMENT,ENTAILMENT,ENTAILMENT,ENTAILMENT
539,NEUTRAL,NEUTRAL,NEUTRAL,NEUTRAL
540,CONTRADICTION,CONTRADICTION,CONTRADICTION,CONTRADICTION
541,NEUTRAL,NEUTRAL,NEUTRAL,NEUTRAL
542,CONTRADICTION,CONTRADICTION,CONTRADICTION,CONTRADICTION
543,NEUTRAL,NEUTRAL,CONTRADICTION,NEUTRAL
544,NEUTRAL,NEUTRAL,ENTAILMENT,NEUTRAL
545,NEUTRAL,NEUTRAL,NEUTRAL,CONTRADICTION
546,NEUTRAL,NEUTRAL,ENTAILMENT,ENTAILMENT
547,ENTAILMENT,ENTAILMENT,ENTAILMENT,ENTAILMENT
548,NEUTRAL,NEUTRAL,NEUTRAL,NEUTRAL
549,NEUTRAL,NEUTRAL,NEUTRAL,NEUTRAL
550,ENTAILMENT,ENTAILMENT,ENTAILMENT,ENTAILMENT
551,ENTAILMENT,ENTAILMENT,ENTAILMENT,ENTAILMENT
553,ENTAILMENT,ENTAILMENT,ENTAILMENT,ENTAILMENT
555,NEUTRAL,NEUTRAL,NEUTRAL,NEUTRAL
556,NEUTRAL,NEUTRAL,ENTAILMENT,NEUTRAL
557,NEUTRAL,NEUTRAL,NEUTRAL,NEUTRAL
558,ENTAILMENT,ENTAILMENT,ENTAILMENT,ENTAILMENT
559,CONTRADICTION,CONTRADICTION,CONTRADICTION,CONTRADICTION
560,NEUTRAL,NEUTRAL,NEUTRAL,NEUTRAL
561,ENTAILMENT,ENTAILMENT,ENTAILMENT,ENTAILMENT
562,NEUTRAL,NEUTRAL,NEUTRAL,NEUTRAL
563,CONTRADICTION,CONTRADICTION,CONTRADICTION,CONTRADICTION
564,CONTRADICTION,CONTRADICTION,NEUTRAL,NEUTRAL
565,NEUTRAL,NEUTRAL,NEUTRAL,NEUTRAL
567,ENTAILMENT,ENTAILMENT,ENTAILMENT,ENTAILMENT
568,CONTRADICTION,CONTRADICTION,CONTRADICTION,CONTRADICTION
569,NEUTRAL,NEUTRAL,ENTAILMENT,NEUTRAL
570,NEUTRAL,NEUTRAL,NEUTRAL,NEUTRAL
573,NEUTRAL,ENTAILMENT,NEUTRAL,NEUTRAL
574,NEUTRAL,NEUTRAL,NEUTRAL,NEUTRAL
575,ENTAILMENT,ENTAILMENT,NEUTRAL,ENTAILMENT
577,NEUTRAL,NEUTRAL,NEUTRAL,NEUTRAL
578,NEUTRAL,ENTAILMENT,NEUTRAL,NEUTRAL
579,CONTRADICTION,CONTRADICTION,CONTRADICTION,CONTRADICTION
580,NEUTRAL,NEUTRAL,NEUTRAL,NEUTRAL
581,ENTAILMENT,ENTAILMENT,ENTAILMENT,ENTAILMENT
583,ENTAILMENT,ENTAILMENT,ENTAILMENT,ENTAILMENT
584,NEUTRAL,NEUTRAL,NEUTRAL,NEUTRAL
586,ENTAILMENT,ENTAILMENT,ENTAILMENT,ENTAILMENT
587,CONTRADICTION,CONTRADICTION,CONTRADICTION,NEUTRAL
588,ENTAILMENT,ENTAILMENT,ENTAILMENT,ENTAILMENT
589,NEUTRAL,CONTRADICTION,NEUTRAL,NEUTRAL
590,NEUTRAL,NEUTRAL,NEUTRAL,NEUTRAL
591,NEUTRAL,NEUTRAL,NEUTRAL,NEUTRAL
592,ENTAILMENT,ENTAILMENT,ENTAILMENT,ENTAILMENT
593,NEUTRAL,NEUTRAL,NEUTRAL,NEUTRAL
594,ENTAILMENT,ENTAILMENT,ENTAILMENT,ENTAILMENT
596,ENTAILMENT,ENTAILMENT,ENTAILMENT,ENTAILMENT
597,NEUTRAL,CONTRADICTION,CONTRADICTION,NEUTRAL
598,CONTRADICTION,CONTRADICTION,CONTRADICTION,CONTRADICTION
599,NEUTRAL,NEUTRAL,NEUTRAL,ENTAILMENT
600,ENTAILMENT,ENTAILMENT,ENTAILMENT,ENTAILMENT
602,ENTAILMENT,ENTAILMENT,ENTAILMENT,ENTAILMENT
603,ENTAILMENT,ENTAILMENT,ENTAILMENT,ENTAILMENT
604,CONTRADICTION,CONTRADICTION,NEUTRAL,CONTRADICTION
605,ENTAILMENT,ENTAILMENT,ENTAILMENT,ENTAILMENT
606,NEUTRAL,ENTAILMENT,ENTAILMENT,NEUTRAL
607,NEUTRAL,NEUTRAL,NEUTRAL,NEUTRAL
609,NEUTRAL,NEUTRAL,CONTRADICTION,NEUTRAL
610,ENTAILMENT,ENTAILMENT,ENTAILMENT,ENTAILMENT
611,ENTAILMENT,ENTAILMENT,ENTAILMENT,ENTAILMENT
612,NEUTRAL,NEUTRAL,NEUTRAL,NEUTRAL
613,ENTAILMENT,ENTAILMENT,ENTAILMENT,ENTAILMENT
614,NEUTRAL,NEUTRAL,NEUTRAL,NEUTRAL
615,NEUTRAL,NEUTRAL,NEUTRAL,NEUTRAL
616,NEUTRAL,NEUTRAL,NEUTRAL,NEUTRAL
617,NEUTRAL,NEUTRAL,NEUTRAL,NEUTRAL
618,CONTRADICTION,NEUTRAL,NEUTRAL,ENTAILMENT
619,NEUTRAL,NEUTRAL,CONTRADICTION,NEUTRAL
620,NEUTRAL,ENTAILMENT,ENTAILMENT,NEUTRAL
622,ENTAILMENT,ENTAILMENT,ENTAILMENT,ENTAILMENT
623,NEUTRAL,ENTAILMENT,ENTAILMENT,ENTAILMENT
624,ENTAILMENT,ENTAILMENT,NEUTRAL,NEUTRAL
625,NEUTRAL,NEUTRAL,ENTAILMENT,NEUTRAL
626,CONTRADICTION,CONTRADICTION,CONTRADICTION,CONTRADICTION
627,CONTRADICTION,CONTRADICTION,CONTRADICTION,CONTRADICTION
628,NEUTRAL,CONTRADICTION,CONTRADICTION,NEUTRAL
629,NEUTRAL,NEUTRAL,CONTRADICTION,NEUTRAL
631,NEUTRAL,CONTRADICTION,NEUTRAL,NEUTRAL
632,ENTAILMENT,ENTAILMENT,ENTAILMENT,ENTAILMENT
633,ENTAILMENT,ENTAILMENT,ENTAILMENT,ENTAILMENT
634,ENTAILMENT,ENTAILMENT,ENTAILMENT,ENTAILMENT
635,CONTRADICTION,ENTAILMENT,ENTAILMENT,NEUTRAL
636,NEUTRAL,NEUTRAL,NEUTRAL,CONTRADICTION
637,NEUTRAL,CONTRADICTION,NEUTRAL,CONTRADICTION
639,ENTAILMENT,ENTAILMENT,ENTAILMENT,ENTAILMENT
640,NEUTRAL,ENTAILMENT,ENTAILMENT,ENTAILMENT
641,ENTAILMENT,ENTAILMENT,ENTAILMENT,ENTAILMENT
642,ENTAILMENT,ENTAILMENT,ENTAILMENT,ENTAILMENT
643,NEUTRAL,NEUTRAL,ENTAILMENT,NEUTRAL
644,ENTAILMENT,ENTAILMENT,ENTAILMENT,ENTAILMENT
646,ENTAILMENT,ENTAILMENT,ENTAILMENT,ENTAILMENT
647,NEUTRAL,NEUTRAL,NEUTRAL,NEUTRAL
648,NEUTRAL,NEUTRAL,NEUTRAL,CONTRADICTION
649,NEUTRAL,NEUTRAL,NEUTRAL,NEUTRAL
650,NEUTRAL,NEUTRAL,NEUTRAL,NEUTRAL
652,NEUTRAL,NEUTRAL,NEUTRAL,NEUTRAL
654,NEUTRAL,NEUTRAL,NEUTRAL,NEUTRAL
655,ENTAILMENT,ENTAILMENT,ENTAILMENT,ENTAILMENT
656,NEUTRAL,CONTRADICTION,CONTRADICTION,CONTRADICTION
657,CONTRADICTION,CONTRADICTION,NEUTRAL,NEUTRAL
659,NEUTRAL,NEUTRAL,NEUTRAL,NEUTRAL
660,NEUTRAL,NEUTRAL,NEUTRAL,NEUTRAL
661,NEUTRAL,NEUTRAL,NEUTRAL,NEUTRAL
662,CONTRADICTION,CONTRADICTION,CONTRADICTION,CONTRADICTION
664,NEUTRAL,ENTAILMENT,ENTAILMENT,NEUTRAL
665,NEUTRAL,NEUTRAL,NEUTRAL,NEUTRAL
666,ENTAILMENT,ENTAILMENT,ENTAILMENT,ENTAILMENT
667,NEUTRAL,NEUTRAL,NEUTRAL,NEUTRAL
668,ENTAILMENT,ENTAILMENT,ENTAILMENT,ENTAILMENT
670,ENTAILMENT,ENTAILMENT,ENTAILMENT,ENTAILMENT
671,CONTRADICTION,NEUTRAL,CONTRADICTION,NEUTRAL
672,NEUTRAL,NEUTRAL,NEUTRAL,NEUTRAL
673,NEUTRAL,NEUTRAL,NEUTRAL,NEUTRAL
674,CONTRADICTION,CONTRADICTION,CONTRADICTION,CONTRADICTION
676,ENTAILMENT,NEUTRAL,NEUTRAL,ENTAILMENT
677,ENTAILMENT,ENTAILMENT,ENTAILMENT,ENTAILMENT
679,NEUTRAL,NEUTRAL,NEUTRAL,CONTRADICTION
680,NEUTRAL,NEUTRAL,NEUTRAL,NEUTRAL
681,CONTRADICTION,CONTRADICTION,NEUTRAL,NEUTRAL
683,ENTAILMENT,ENTAILMENT,ENTAILMENT,ENTAILMENT
684,NEUTRAL,NEUTRAL,CONTRADICTION,NEUTRAL
685,ENTAILMENT,ENTAILMENT,ENTAILMENT,ENTAILMENT
689,CONTRADICTION,NEUTRAL,NEUTRAL,NEUTRAL
691,ENTAILMENT,ENTAILMENT,ENTAILMENT,ENTAILMENT
692,NEUTRAL,NEUTRAL,NEUTRAL,CONTRADICTION
693,ENTAILMENT,ENTAILMENT,NEUTRAL,NEUTRAL
694,NEUTRAL,ENTAILMENT,ENTAILMENT,ENTAILMENT
695,NEUTRAL,NEUTRAL,NEUTRAL,NEUTRAL
697,NEUTRAL,NEUTRAL,NEUTRAL,ENTAILMENT
698,NEUTRAL,NEUTRAL,NEUTRAL,ENTAILMENT
699,ENTAILMENT,ENTAILMENT,ENTAILMENT,ENTAILMENT
700,ENTAILMENT,ENTAILMENT,ENTAILMENT,ENTAILMENT
701,ENTAILMENT,ENTAILMENT,ENTAILMENT,ENTAILMENT
702,ENTAILMENT,ENTAILMENT,ENTAILMENT,ENTAILMENT
703,NEUTRAL,NEUTRAL,NEUTRAL,NEUTRAL
704,NEUTRAL,NEUTRAL,CONTRADICTION,CONTRADICTION
705,ENTAILMENT,ENTAILMENT,ENTAILMENT,ENTAILMENT
706,NEUTRAL,ENTAILMENT,ENTAILMENT,NEUTRAL
707,NEUTRAL,CONTRADICTION,NEUTRAL,NEUTRAL
708,NEUTRAL,NEUTRAL,ENTAILMENT,NEUTRAL
709,CONTRADICTION,CONTRADICTION,CONTRADICTION,CONTRADICTION
711,NEUTRAL,NEUTRAL,NEUTRAL,NEUTRAL
712,CONTRADICTION,CONTRADICTION,CONTRADICTION,CONTRADICTION
713,ENTAILMENT,ENTAILMENT,ENTAILMENT,ENTAILMENT
714,NEUTRAL,NEUTRAL,NEUTRAL,NEUTRAL
715,ENTAILMENT,CONTRADICTION,CONTRADICTION,ENTAILMENT
718,NEUTRAL,CONTRADICTION,CONTRADICTION,CONTRADICTION
719,ENTAILMENT,ENTAILMENT,ENTAILMENT,ENTAILMENT
720,ENTAILMENT,NEUTRAL,ENTAILMENT,ENTAILMENT
721,ENTAILMENT,ENTAILMENT,ENTAILMENT,ENTAILMENT
722,ENTAILMENT,ENTAILMENT,ENTAILMENT,ENTAILMENT
723,NEUTRAL,NEUTRAL,NEUTRAL,NEUTRAL
724,ENTAILMENT,ENTAILMENT,NEUTRAL,ENTAILMENT
725,CONTRADICTION,CONTRADICTION,CONTRADICTION,CONTRADICTION
726,ENTAILMENT,ENTAILMENT,ENTAILMENT,ENTAILMENT
727,NEUTRAL,NEUTRAL,ENTAILMENT,CONTRADICTION
728,ENTAILMENT,ENTAILMENT,ENTAILMENT,ENTAILMENT
729,NEUTRAL,ENTAILMENT,ENTAILMENT,ENTAILMENT
731,NEUTRAL,NEUTRAL,NEUTRAL,NEUTRAL
733,ENTAILMENT,ENTAILMENT,ENTAILMENT,ENTAILMENT
736,CONTRADICTION,NEUTRAL,NEUTRAL,NEUTRAL
737,ENTAILMENT,NEUTRAL,NEUTRAL,ENTAILMENT
738,ENTAILMENT,ENTAILMENT,ENTAILMENT,ENTAILMENT
740,CONTRADICTION,NEUTRAL,CONTRADICTION,CONTRADICTION
741,NEUTRAL,CONTRADICTION,NEUTRAL,NEUTRAL
742,ENTAILMENT,ENTAILMENT,ENTAILMENT,ENTAILMENT
743,ENTAILMENT,ENTAILMENT,ENTAILMENT,ENTAILMENT
744,ENTAILMENT,ENTAILMENT,ENTAILMENT,ENTAILMENT
745,ENTAILMENT,ENTAILMENT,ENTAILMENT,ENTAILMENT
746,ENTAILMENT,ENTAILMENT,ENTAILMENT,NEUTRAL
747,NEUTRAL,NEUTRAL,NEUTRAL,NEUTRAL
748,ENTAILMENT,ENTAILMENT,ENTAILMENT,ENTAILMENT
749,NEUTRAL,NEUTRAL,NEUTRAL,NEUTRAL
751,NEUTRAL,NEUTRAL,NEUTRAL,NEUTRAL
752,CONTRADICTION,CONTRADICTION,NEUTRAL,NEUTRAL
753,NEUTRAL,NEUTRAL,NEUTRAL,NEUTRAL
754,NEUTRAL,NEUTRAL,NEUTRAL,NEUTRAL
755,NEUTRAL,NEUTRAL,NEUTRAL,NEUTRAL
757,CONTRADICTION,NEUTRAL,CONTRADICTION,CONTRADICTION
759,NEUTRAL,NEUTRAL,NEUTRAL,NEUTRAL
760,ENTAILMENT,ENTAILMENT,ENTAILMENT,ENTAILMENT
761,NEUTRAL,ENTAILMENT,CONTRADICTION,ENTAILMENT
762,ENTAILMENT,ENTAILMENT,NEUTRAL,ENTAILMENT
763,ENTAILMENT,ENTAILMENT,ENTAILMENT,ENTAILMENT
764,CONTRADICTION,CONTRADICTION,CONTRADICTION,CONTRADICTION
765,CONTRADICTION,NEUTRAL,CONTRADICTION,CONTRADICTION
767,ENTAILMENT,ENTAILMENT,ENTAILMENT,ENTAILMENT
768,ENTAILMENT,ENTAILMENT,ENTAILMENT,ENTAILMENT
769,ENTAILMENT,NEUTRAL,CONTRADICTION,NEUTRAL
770,NEUTRAL,NEUTRAL,NEUTRAL,NEUTRAL
771,CONTRADICTION,CONTRADICTION,CONTRADICTION,CONTRADICTION
772,ENTAILMENT,ENTAILMENT,ENTAILMENT,ENTAILMENT
774,NEUTRAL,NEUTRAL,NEUTRAL,NEUTRAL
775,NEUTRAL,NEUTRAL,NEUTRAL,NEUTRAL
776,NEUTRAL,NEUTRAL,NEUTRAL,NEUTRAL
777,ENTAILMENT,ENTAILMENT,NEUTRAL,ENTAILMENT
779,ENTAILMENT,ENTAILMENT,NEUTRAL,ENTAILMENT
780,ENTAILMENT,ENTAILMENT,ENTAILMENT,ENTAILMENT
781,NEUTRAL,ENTAILMENT,NEUTRAL,NEUTRAL
782,NEUTRAL,ENTAILMENT,ENTAILMENT,NEUTRAL
784,CONTRADICTION,CONTRADICTION,CONTRADICTION,CONTRADICTION
786,ENTAILMENT,ENTAILMENT,ENTAILMENT,ENTAILMENT
790,ENTAILMENT,ENTAILMENT,ENTAILMENT,ENTAILMENT
793,ENTAILMENT,ENTAILMENT,ENTAILMENT,ENTAILMENT
794,ENTAILMENT,ENTAILMENT,ENTAILMENT,ENTAILMENT
795,NEUTRAL,NEUTRAL,NEUTRAL,NEUTRAL
796,NEUTRAL,NEUTRAL,NEUTRAL,NEUTRAL
797,ENTAILMENT,ENTAILMENT,ENTAILMENT,ENTAILMENT
798,ENTAILMENT,ENTAILMENT,ENTAILMENT,ENTAILMENT
799,NEUTRAL,NEUTRAL,NEUTRAL,NEUTRAL
800,ENTAILMENT,ENTAILMENT,ENTAILMENT,ENTAILMENT
