id,gold_label,truth_original_orig_correct,truth_original_nec_correct,truth_original_suff_correct,truth_original_nec_ctrl_correct,truth_original_suff_ctrl_correct,truth_lexical_orig_correct,truth_lexical_nec_correct,truth_lexical_suff_correct,truth_lexical_nec_ctrl_correct,truth_lexical_suff_ctrl_correct,truth_syntactic_orig_correct,truth_syntactic_nec_correct,truth_syntactic_suff_correct,truth_syntactic_nec_ctrl_correct,truth_syntactic_suff_ctrl_correct,truth_pragmatic_orig_correct,truth_pragmatic_nec_correct,truth_pragmatic_suff_correct,truth_pragmatic_nec_ctrl_correct,truth_pragmatic_suff_ctrl_correct
1,contradiction,1,0,1,1,0,1,0,0,1,0,1,0,0,0,0,1,0,1,0,0
2,contradiction,1,0,1,1,0,1,0,1,1,0,1,0,0,0,0,1,1,0,1,0
6,contradiction,0,0,0,0,0,0,0,0,0,0,0,0,0,0,0,0,0,0,0,0
7,entailment,1,0,1,1,1,1,0,0,1,0,1,0,1,0,0,1,1,0,1,0
8,entailment,1,0,0,0,0,1,0,1,1,1,1,0,0,0,1,1,0,1,1,1
10,entailment,1,0,1,0,0,1,0,1,1,0,1,0,0,0,0,1,0,0,0,0
11,neutral,1,1,1,1,1,1,1,1,1,1,1,1,1,1,1,1,1,1,1,1
12,contradiction,0,0,0,0,0,0,0,0,0,0,0,0,0,0,0,0,0,0,0,0
13,contradiction,0,0,0,0,0,1,0,0,0,0,1,0,0,0,0,0,0,0,0,0
14,neutral,1,1,1,1,1,1,1,1,1,1,1,1,1,1,1,1,1,1,1,1
15,contradiction,1,0,0,1,0,1,0,0,1,0,1,0,0,1,0,1,0,0,1,0
16,neutral,1,1,1,1,1,1,1,1,1,0,1,1,1,1,1,1,1,1,1,1
17,contradiction,1,0,1,1,0,1,1,0,1,0,1,0,1,1,0,1,0,1,1,0
18,neutral,1,1,1,1,1,1,1,1,1,1,1,1,1,1,1,1,1,1,1,1
19,entailment,1,0,0,1,0,1,0,0,1,0,1,0,1,1,0,1,0,0,1,0
20,neutral,1,1,1,1,1,1,1,1,1,1,1,1,1,1,1,1,1,1,1,1
21,entailment,1,0,1,1,1,1,0,0,0,0,1,0,1,1,0,1,0,1,1,1
22,neutral,1,1,1,1,1,1,1,1,1,1,1,1,1,1,1,1,1,1,1,1
23,neutral,1,1,1,1,1,1,1,1,1,1,1,1,1,1,1,1,1,1,1,1
24,neutral,1,1,1,1,1,1,1,1,1,1,1,1,1,1,1,1,1,1,1,1
25,contradiction,0,0,0,0,0,0,0,0,0,0,0,0,0,0,0,0,0,0,1,0
26,neutral,1,1,1,1,1,1,1,1,1,1,1,1,1,1,1,1,1,1,1,1
27,contradiction,0,0,0,0,0,0,0,0,0,0,0,0,0,0,0,0,0,0,1,0
28,neutral,1,1,1,1,1,1,1,1,1,1,1,1,1,1,1,1,1,1,1,1
29,entailment,0,0,0,0,0,0,0,0,0,0,0,1,0,0,0,0,0,0,1,0
30,neutral,1,1,1,1,1,1,1,1,1,1,1,1,1,1,1,1,1,1,1,1
31,contradiction,0,0,0,0,0,0,0,0,0,0,0,0,0,0,0,0,0,0,0,0
32,neutral,1,1,1,1,1,1,1,1,0,1,1,1,1,1,1,1,1,1,1,1
33,neutral,1,1,1,1,1,1,1,1,0,0,1,1,1,1,1,1,1,1,1,1
34,neutral,1,1,1,1,1,1,1,1,1,1,1,1,1,1,1,1,1,1,1,1
35,contradiction,1,0,1,1,1,1,0,0,0,0,1,0,0,0,0,1,0,0,0,0
36,entailment,1,0,1,1,0,1,0,1,1,0,1,0,1,1,0,1,0,1,1,0
37,neutral,1,1,1,1,1,1,1,1,1,1,1,1,1,1,1,1,1,1,1,1
38,neutral,1,1,1,1,1,1,1,1,1,1,1,1,1,1,1,1,1,1,1,1
39,contradiction,0,0,0,0,0,0,0,0,0,0,0,0,0,0,0,0,0,0,0,0
41,neutral,1,1,1,1,1,1,1,1,1,1,1,1,1,1,1,1,1,1,1,1
42,neutral,1,1,1,1,1,1,1,1,0,1,1,1,1,1,1,1,1,1,1,1
44,entailment,1,0,1,1,1,1,0,1,1,1,1,0,1,1,0,1,0,1,1,1
45,entailment,1,0,1,1,0,1,0,1,1,0,1,0,1,0,1,1,0,1,1,0
46,neutral,1,1,1,1,1,1,1,1,1,1,1,1,1,1,1,1,1,1,1,1
48,contradiction,0,0,0,0,0,0,0,0,0,0,0,0,0,0,0,0,0,0,0,0
50,entailment,1,1,1,1,0,1,1,0,1,0,1,1,0,0,1,1,1,1,1,1
51,entailment,1,0,1,1,1,1,0,0,0,0,1,0,1,1,1,1,0,0,0,0
52,contradiction,1,0,0,0,0,1,0,0,0,1,1,0,0,0,0,1,0,0,0,0
53,entailment,1,0,0,0,0,1,0,0,0,0,1,0,1,1,0,1,0,0,0,0
54,entailment,1,0,0,0,0,1,0,1,1,0,1,0,0,1,0,1,0,1,1,0
55,entailment,1,0,1,1,1,1,0,0,1,0,1,0,1,1,0,1,0,1,1,0
56,neutral,1,1,1,1,1,1,1,1,1,1,1,1,1,1,1,1,1,1,1,1
58,entailment,0,0,0,0,0,0,0,0,0,0,0,0,0,0,0,0,0,0,0,0
59,contradiction,0,0,0,0,0,0,0,0,0,0,0,0,0,0,0,0,0,0,0,0
63,neutral,1,1,1,1,1,1,1,1,1,1,1,1,1,1,1,1,1,1,1,1
64,neutral,1,1,1,1,1,1,1,1,1,1,1,1,1,1,1,1,1,1,1,1
65,entailment,1,0,0,0,0,1,0,0,1,0,1,0,1,1,1,1,0,0,1,1
66,neutral,1,1,1,1,1,1,1,1,1,1,1,1,1,1,1,1,1,1,1,1
67,neutral,1,1,1,1,1,1,1,1,1,1,1,1,1,1,1,1,1,1,1,1
68,entailment,1,0,1,1,1,0,0,0,1,0,1,0,1,1,1,1,0,1,1,0
69,entailment,1,0,1,1,0,1,0,0,1,0,1,0,0,1,0,1,0,0,1,0
70,neutral,1,1,1,1,1,1,1,1,1,1,1,1,1,1,1,1,1,1,1,1
71,contradiction,1,0,0,0,0,1,0,0,0,1,1,0,0,1,0,1,0,0,0,0
74,contradiction,0,0,0,0,0,0,0,0,0,0,0,0,0,0,0,0,0,0,0,0
75,neutral,1,1,1,1,1,1,1,1,1,1,1,1,1,1,1,1,1,1,1,1
77,entailment,1,0,0,1,0,1,0,0,1,0,1,0,0,0,0,1,0,0,1,0
78,neutral,1,1,1,1,1,1,1,1,1,1,1,1,1,1,1,1,1,1,1,1
79,contradiction,1,0,1,1,0,1,0,1,1,0,0,0,0,0,0,1,0,0,0,0
80,contradiction,0,0,0,0,0,0,0,0,0,0,0,0,0,0,0,0,0,0,0,0
81,entailment,1,0,1,1,0,1,0,0,1,0,1,0,1,1,0,1,0,0,1,0
82,neutral,1,1,1,1,1,1,1,1,1,1,1,1,1,1,1,1,1,1,1,1
83,contradiction,0,0,0,0,0,0,0,0,0,0,0,0,0,0,0,0,0,0,0,0
84,entailment,1,0,1,1,1,1,0,1,1,0,1,0,1,1,1,1,0,0,1,1
85,contradiction,1,0,0,1,0,1,0,1,1,0,1,0,1,1,1,1,0,0,1,0
86,entailment,1,0,1,0,1,1,0,1,1,0,1,1,1,1,0,1,0,1,1,1
87,contradiction,1,0,0,1,0,1,0,0,0,0,1,0,0,1,0,1,0,0,1,0
88,contradiction,1,1,0,1,0,1,1,0,1,0,1,1,0,0,0,1,0,0,1,0
89,neutral,1,1,1,1,1,1,1,1,1,1,1,1,1,1,1,1,1,1,1,1
90,neutral,1,0,1,1,1,1,1,1,1,1,1,1,1,1,1,1,1,1,1,1
91,entailment,1,0,1,1,0,1,0,1,1,0,1,0,1,1,0,1,0,1,1,0
92,entailment,1,0,1,1,0,1,0,0,1,0,1,0,1,1,0,1,0,1,0,0
93,entailment,1,0,1,1,0,1,0,1,1,0,1,0,1,1,0,1,0,1,1,0
95,contradiction,0,0,0,0,0,0,0,0,0,0,0,0,0,0,0,0,0,0,1,0
97,entailment,1,0,0,1,0,1,0,0,0,0,1,0,0,0,0,1,0,0,0,0
99,contradiction,1,0,0,1,0,1,0,0,0,0,1,0,0,1,0,1,0,0,0,0
101,entailment,1,0,1,1,0,1,0,1,1,1,1,0,1,1,0,1,0,0,1,0
102,neutral,1,1,1,1,1,1,1,1,1,1,1,1,1,1,0,1,1,1,1,1
103,entailment,1,0,1,1,0,1,0,1,1,0,1,0,1,1,0,1,0,1,1,0
104,entailment,1,0,0,1,0,1,0,0,0,0,1,0,0,1,0,1,0,0,1,0
106,neutral,1,1,1,1,1,1,1,1,1,1,1,1,1,1,1,1,1,1,1,1
107,entailment,1,0,1,1,0,1,0,1,1,0,1,0,0,0,0,1,0,0,0,0
108,entailment,1,0,0,1,0,1,1,1,1,0,1,0,1,1,0,1,0,0,1,0
109,contradiction,1,0,1,1,0,1,1,0,1,0,1,0,1,1,0,1,0,0,0,0
110,neutral,1,1,1,1,1,1,1,1,1,1,1,1,1,0,1,1,1,1,1,1
111,neutral,1,1,1,1,1,1,1,1,1,1,1,1,1,1,1,1,1,1,1,1
112,contradiction,1,1,1,1,1,1,1,1,1,0,1,1,1,1,0,1,1,1,1,0
114,contradiction,1,0,0,0,0,1,0,0,1,0,1,1,0,1,0,1,0,0,0,0
117,neutral,1,1,1,1,1,1,1,1,1,1,1,1,1,1,1,1,1,1,1,1
119,contradiction,0,0,0,0,0,0,0,0,0,0,0,0,0,0,0,0,0,0,0,0
120,contradiction,0,0,0,0,0,0,0,0,0,0,0,0,0,0,0,0,0,0,0,0
122,contradiction,0,0,0,0,0,0,0,0,0,0,0,0,0,0,0,0,0,0,0,0
123,neutral,1,1,1,1,1,1,1,1,1,1,1,1,1,1,1,1,1,1,1,1
124,neutral,1,1,1,1,1,1,1,1,1,1,1,1,1,1,1,1,1,1,1,1
125,entailment,0,0,0,0,0,0,0,1,0,0,0,0,0,1,0,0,0,0,0,0
126,contradiction,0,0,0,0,0,0,0,0,0,0,0,0,0,0,0,0,0,0,0,0
127,neutral,1,1,1,1,1,1,1,1,1,1,1,1,1,1,1,1,1,1,1,1
128,entailment,1,0,0,0,0,1,0,0,0,0,1,0,0,1,0,1,0,0,0,1
130,neutral,1,1,1,1,1,1,1,1,1,1,1,1,1,1,1,1,1,1,1,1
131,entailment,0,0,0,0,0,0,0,0,0,0,0,0,1,0,0,0,0,0,0,0
132,neutral,1,1,1,1,1,1,1,1,1,1,1,1,1,1,1,1,1,1,1,1
133,contradiction,0,0,0,0,0,0,0,0,0,0,0,0,0,0,0,0,0,0,0,0
134,neutral,1,1,1,1,1,1,1,1,1,1,1,1,1,1,1,1,1,1,1,1
135,neutral,1,1,1,1,1,1,1,1,1,1,1,1,1,1,1,1,1,1,1,1
136,neutral,0,1,0,0,1,0,1,1,0,1,0,1,1,0,1,0,1,1,0,1
137,neutral,1,1,1,1,1,1,1,1,1,1,1,1,1,1,1,1,1,1,1,1
138,entailment,1,0,1,1,1,1,0,1,1,1,1,0,1,1,1,1,0,1,1,1
141,entailment,1,0,1,1,0,1,0,1,1,0,1,0,0,1,1,1,0,1,1,0
142,neutral,1,1,1,1,1,1,1,1,1,1,1,1,1,1,1,1,1,1,1,1
143,contradiction,0,0,0,0,0,0,0,0,0,0,0,0,0,0,0,0,0,0,0,0
144,neutral,1,1,1,1,1,1,1,1,1,1,1,1,1,1,1,1,1,1,1,1
146,entailment,1,0,1,1,0,1,0,1,1,1,1,0,1,1,1,1,0,1,1,1
148,contradiction,1,0,0,1,0,1,0,0,1,0,1,0,0,1,0,1,0,0,1,0
150,entailment,1,0,1,1,1,1,0,0,0,0,1,0,0,0,0,1,0,1,1,1
151,neutral,1,1,1,1,1,1,1,1,1,1,1,1,1,1,1,1,1,1,1,1
152,entailment,1,0,0,1,0,1,0,0,0,0,1,0,1,0,0,1,0,0,0,0
154,entailment,1,0,1,1,0,1,0,1,1,1,1,0,1,1,0,1,0,0,0,0
156,neutral,1,1,1,1,1,1,1,1,1,1,1,1,1,1,1,1,1,1,1,1
157,entailment,1,0,0,0,1,1,0,1,1,0,1,0,1,1,1,1,0,0,0,1
159,entailment,1,0,0,0,0,1,0,0,1,0,1,0,0,1,0,1,0,0,1,0
160,entailment,1,0,1,1,0,1,0,0,1,0,1,0,1,1,0,1,0,0,1,0
161,entailment,1,0,0,0,1,1,0,0,0,0,1,0,0,1,0,1,0,0,0,0
164,neutral,1,1,1,1,1,1,1,1,1,1,1,1,1,1,1,1,1,1,1,1
165,entailment,0,0,0,0,0,0,0,0,0,0,0,0,0,0,0,0,0,0,0,0
167,contradiction,1,0,1,1,0,1,0,1,1,1,1,0,1,1,1,1,1,1,1,0
168,contradiction,0,0,0,0,0,0,0,0,0,0,0,0,0,0,0,0,0,0,0,0
169,neutral,1,1,1,1,1,1,1,1,1,1,1,1,1,1,1,1,1,1,1,1
170,entailment,1,0,1,1,0,1,0,0,1,0,1,0,1,1,0,1,0,0,1,0
171,entailment,1,0,1,1,1,1,0,1,1,1,1,0,1,1,1,1,0,1,1,1
173,entailment,1,1,0,1,0,1,0,1,1,0,1,1,0,1,0,1,0,0,1,0
174,entailment,0,0,0,0,0,0,0,0,0,0,0,0,0,0,0,0,0,0,0,0
175,entailment,1,0,1,1,0,1,0,1,1,0,1,0,1,1,0,1,0,0,1,0
177,entailment,1,0,1,1,0,1,0,1,1,0,1,0,1,1,0,1,0,1,1,0
179,contradiction,0,0,0,0,0,0,0,0,0,0,0,0,0,0,0,0,0,0,0,0
180,entailment,1,0,0,1,0,1,0,1,1,0,1,0,0,0,0,1,0,1,1,0
181,contradiction,1,0,0,0,0,1,0,0,0,0,1,0,0,1,0,1,0,0,1,0
182,contradiction,0,0,0,0,0,0,0,0,0,0,0,0,0,0,0,0,0,0,0,0
183,entailment,1,0,1,1,0,1,0,0,1,0,1,0,1,1,0,1,0,0,1,0
184,entailment,1,0,1,1,0,1,0,1,1,0,1,0,1,1,1,1,0,1,1,1
185,entailment,1,0,1,1,0,1,0,0,0,0,1,0,1,1,0,1,0,1,1,0
186,neutral,1,1,1,1,1,1,1,1,1,1,1,1,1,1,1,1,1,1,1,0
187,entailment,1,0,1,1,0,1,0,1,1,0,1,0,0,1,0,1,0,1,1,0
188,neutral,1,1,1,1,1,1,1,1,1,1,1,1,1,1,1,1,1,1,1,1
189,entailment,1,1,1,1,0,1,0,1,1,0,1,0,1,1,0,1,0,0,1,0
190,entailment,1,0,1,1,0,1,0,1,1,0,1,0,0,1,0,1,0,0,1,0
191,contradiction,0,0,0,0,0,0,0,0,0,0,0,0,0,0,0,0,0,0,0,0
193,entailment,0,0,0,0,0,0,0,0,0,0,0,0,0,0,0,0,0,0,0,0
194,neutral,1,1,1,1,1,1,1,1,1,1,1,1,1,1,1,1,1,0,1,1
195,neutral,1,1,1,1,1,1,1,1,1,1,1,1,1,1,1,1,1,1,1,1
196,entailment,1,0,1,1,0,1,0,1,1,1,1,0,1,1,0,1,0,1,1,1
198,neutral,1,1,1,1,1,1,1,1,1,1,1,1,1,1,1,1,0,1,1,1
199,contradiction,1,0,0,1,0,1,0,1,0,0,1,0,0,1,0,1,0,1,1,0
200,entailment,1,0,1,1,0,1,0,1,1,0,1,0,1,1,0,1,0,1,1,0
202,entailment,1,1,0,1,0,1,1,1,1,1,1,1,0,1,0,1,1,0,0,0
204,neutral,1,1,1,1,1,1,1,1,1,1,1,1,1,1,1,1,1,1,1,1
205,neutral,1,1,1,1,1,1,1,1,1,1,1,1,1,1,1,1,1,1,1,1
206,neutral,1,1,1,1,1,1,1,1,1,1,1,1,1,1,1,1,1,1,1,1
207,neutral,1,1,1,1,1,1,1,1,1,0,1,1,1,1,1,1,1,1,1,1
208,neutral,1,1,1,1,1,1,1,1,1,1,1,1,1,1,1,1,1,1,1,1
209,entailment,1,0,1,1,0,1,0,1,1,0,1,0,0,1,0,1,0,0,1,0
210,neutral,1,1,1,1,1,1,1,1,1,1,1,1,1,1,1,1,1,1,1,1
211,entailment,1,0,1,1,0,1,0,1,1,0,1,0,1,1,0,1,0,1,1,0
212,contradiction,0,0,0,0,0,0,0,0,0,0,0,0,0,0,0,0,0,0,0,0
213,entailment,1,0,1,1,0,1,0,1,1,1,1,0,1,1,0,1,0,1,0,0
214,entailment,1,1,1,1,1,1,0,0,1,0,1,1,0,0,1,1,1,0,1,0
215,neutral,1,1,1,0,1,1,1,1,1,1,1,1,1,1,1,1,1,1,1,1
217,contradiction,1,0,0,0,0,1,0,1,1,0,1,0,0,0,0,1,0,0,0,0
218,contradiction,0,0,0,0,0,0,0,0,1,0,0,0,0,0,0,0,0,0,0,0
219,contradiction,0,0,0,0,0,0,0,1,1,0,0,0,0,0,0,0,0,0,0,0
220,neutral,1,1,1,1,1,1,1,1,1,1,1,1,1,1,1,1,1,1,0,1
223,entailment,1,0,1,1,1,1,0,0,0,0,1,0,1,1,1,1,0,0,0,0
224,contradiction,0,0,0,0,0,0,0,0,0,0,0,0,0,0,0,0,0,0,0,0
225,neutral,1,1,1,1,1,1,1,1,1,1,1,1,1,1,1,1,1,1,1,1
227,entailment,1,0,1,1,0,1,0,1,1,0,1,0,1,1,0,1,0,0,0,0
228,neutral,1,1,1,1,1,1,1,1,1,1,1,1,1,1,1,1,1,1,1,1
229,contradiction,1,0,0,1,0,1,0,1,1,0,1,0,0,0,0,1,0,0,0,0
230,neutral,0,1,0,0,1,0,1,0,0,1,0,1,0,0,1,0,1,0,0,1
231,entailment,1,0,1,1,0,1,0,0,0,1,1,0,1,0,0,1,0,0,0,0
232,entailment,1,0,1,1,1,1,0,0,0,0,1,0,0,1,0,1,1,0,1,0
234,contradiction,1,0,1,1,0,1,0,1,1,0,1,0,1,1,0,1,0,1,1,0
235,neutral,1,1,1,1,1,1,1,1,1,1,1,1,1,1,1,1,1,1,1,1
236,neutral,1,1,1,1,1,1,1,1,1,1,1,1,1,1,1,1,1,1,1,1
237,neutral,1,1,1,1,1,1,1,1,1,1,1,1,1,1,1,1,1,1,1,1
238,neutral,1,1,1,1,1,1,1,1,1,1,1,1,1,1,1,1,1,1,1,1
242,neutral,1,1,1,1,1,1,1,1,1,1,1,1,1,1,1,1,1,1,1,1
243,contradiction,0,0,0,0,0,0,0,0,0,0,0,0,0,0,0,0,0,0,0,0
245,entailment,1,0,1,1,0,1,0,1,1,0,1,0,1,1,0,1,0,1,1,0
247,neutral,1,1,1,1,1,1,1,1,1,1,1,1,1,1,1,1,1,1,1,1
249,entailment,1,0,1,1,0,1,0,1,1,0,1,0,1,1,0,1,0,0,0,0
250,contradiction,0,0,0,0,0,0,0,0,0,0,0,0,0,0,0,0,0,0,0,0
251,entailment,1,0,0,0,0,1,0,1,1,0,1,0,1,1,0,1,0,1,0,0
252,contradiction,1,0,0,0,0,1,0,0,1,0,1,0,0,0,0,1,0,1,1,0
253,neutral,1,1,1,1,1,1,1,1,1,1,1,1,1,1,1,1,1,1,1,1
255,contradiction,0,0,0,0,0,0,0,0,0,0,0,0,0,0,0,0,0,0,0,0
256,entailment,1,0,0,1,0,1,0,1,1,0,1,0,1,1,0,1,0,1,1,1
258,contradiction,1,1,0,1,0,1,0,1,1,0,1,0,0,1,0,1,0,0,1,1
259,contradiction,1,0,0,1,0,1,0,0,1,0,1,0,0,1,0,1,0,0,1,0
260,entailment,1,0,1,1,0,1,0,0,1,0,1,0,0,0,0,1,0,1,1,0
261,entailment,1,0,0,1,0,1,0,1,1,0,1,0,1,1,0,1,0,0,1,0
262,neutral,1,1,1,1,1,1,1,1,1,1,1,1,1,1,1,1,1,1,1,1
263,neutral,0,1,1,1,1,0,1,1,1,1,0,1,0,1,0,0,1,0,0,1
264,contradiction,1,0,0,1,0,1,0,0,0,0,1,0,0,1,0,1,0,1,1,0
265,contradiction,1,0,1,1,1,1,0,1,1,0,1,0,1,1,1,1,0,1,1,0
267,neutral,1,1,1,1,1,1,1,1,1,1,1,1,1,1,1,1,1,1,1,1
269,contradiction,0,0,0,0,0,0,0,0,0,0,0,0,0,0,0,0,0,0,0,0
270,neutral,1,1,1,1,0,1,1,1,1,1,1,1,1,1,1,1,1,1,1,1
271,contradiction,0,0,0,0,0,0,0,0,0,0,0,0,0,0,0,0,0,0,0,0
272,contradiction,1,0,1,1,0,1,0,1,1,1,1,0,1,1,0,1,0,1,1,0
274,entailment,1,0,1,1,0,1,0,1,1,0,1,0,1,1,0,1,0,1,1,0
275,contradiction,1,0,1,0,1,1,0,0,1,0,1,0,0,0,1,1,0,1,1,0
276,contradiction,0,0,0,0,0,0,0,0,0,0,0,0,0,0,0,0,0,0,1,0
277,contradiction,1,0,1,1,0,1,0,1,1,0,1,0,1,1,0,1,0,1,1,0
279,neutral,1,1,1,1,1,1,1,1,1,1,1,1,1,1,1,1,1,1,1,1
280,neutral,1,1,1,1,1,1,1,1,1,1,1,1,1,1,1,1,1,1,1,1
281,neutral,1,1,1,1,1,1,1,1,1,0,1,0,1,1,1,1,1,1,1,1
282,entailment,1,0,0,0,1,1,0,0,0,0,1,0,0,1,1,1,0,1,1,1
284,entailment,1,0,1,1,0,1,0,1,1,0,1,0,0,0,0,1,0,1,1,1
285,neutral,1,1,1,1,1,1,1,1,1,1,1,1,1,0,1,1,1,1,1,1
286,neutral,1,1,1,1,1,1,1,1,1,1,1,1,1,1,1,1,1,1,1,1
288,contradiction,1,0,0,1,0,1,0,0,0,0,1,0,0,1,0,1,0,0,1,0
289,neutral,1,1,1,1,1,1,1,1,1,1,1,1,1,1,1,1,1,1,1,1
290,neutral,0,1,1,1,1,0,1,1,0,1,0,1,1,1,1,0,1,1,0,1
291,neutral,1,1,1,1,1,1,1,1,1,1,1,1,1,1,1,1,1,1,1,1
294,contradiction,0,0,0,0,0,0,0,0,0,0,0,0,0,0,0,0,0,0,0,0
295,entailment,1,0,1,1,0,1,0,1,1,1,1,0,0,1,0,1,0,1,1,0
297,contradiction,1,0,0,1,0,1,0,0,1,0,1,0,0,1,0,1,0,0,1,0
298,neutral,1,1,1,1,1,1,1,1,1,1,1,1,1,1,1,1,1,1,1,1
299,neutral,1,1,1,1,1,1,1,1,1,1,1,1,1,1,1,1,1,1,1,1
300,neutral,1,1,1,1,1,1,1,1,1,1,1,1,1,1,1,1,1,1,1,1
301,contradiction,0,0,0,0,0,0,0,0,0,0,0,0,0,1,0,0,0,0,0,0
302,neutral,0,1,0,0,1,0,1,0,0,1,0,1,0,0,1,0,1,0,0,1
305,contradiction,1,0,0,0,0,1,0,0,1,0,1,0,0,1,0,1,0,0,1,1
306,neutral,1,1,1,1,1,1,1,1,1,1,1,1,1,1,1,1,1,1,1,1
307,neutral,1,1,1,1,1,1,1,1,1,1,1,1,1,1,1,1,1,1,1,1
308,entailment,0,0,0,0,0,0,0,0,0,0,0,0,0,0,0,0,0,0,0,0
310,contradiction,0,0,0,0,0,0,0,0,0,0,0,0,0,0,0,0,0,0,0,0
311,entailment,1,0,1,1,1,1,0,0,1,0,1,0,1,1,1,1,0,1,1,0
312,neutral,0,1,1,0,1,1,1,1,0,1,1,1,1,0,1,0,1,1,0,1
314,neutral,1,1,1,1,1,1,1,1,1,1,1,1,1,1,1,1,1,1,1,1
315,contradiction,0,0,0,0,0,0,0,0,0,0,0,0,0,0,0,0,0,0,0,1
316,contradiction,1,0,0,1,0,1,0,1,1,0,1,0,1,1,0,1,0,0,1,0
318,contradiction,1,0,0,0,0,1,0,0,1,0,1,0,1,1,0,1,0,0,0,0
319,contradiction,1,0,0,0,0,1,0,1,0,0,1,1,0,1,0,1,0,0,0,0
320,neutral,1,1,1,1,1,1,1,1,1,1,1,1,1,1,1,1,0,1,1,1
321,entailment,1,0,1,1,0,1,0,1,1,0,1,0,1,1,0,1,0,1,1,0
322,contradiction,1,0,1,0,0,1,0,0,0,1,1,0,1,1,1,1,0,1,1,0
323,entailment,0,0,0,0,0,0,0,0,0,0,0,0,0,0,0,0,0,0,0,0
324,contradiction,0,0,0,0,0,0,0,0,0,0,0,0,0,0,0,0,0,0,0,0
326,contradiction,1,0,1,1,1,1,1,0,1,0,1,0,0,1,0,1,0,0,0,0
327,contradiction,1,0,0,1,0,1,0,0,1,1,1,0,0,0,0,1,0,0,0,0
328,entailment,1,0,1,1,1,1,0,1,1,1,1,0,1,1,1,1,0,1,1,0
329,neutral,1,1,1,1,1,1,1,1,1,1,1,1,1,1,1,1,1,1,1,1
330,neutral,1,1,1,1,1,1,1,1,1,1,1,1,1,1,1,1,1,1,1,1
332,neutral,1,1,1,1,1,1,1,1,1,1,1,1,1,1,1,1,1,1,1,1
333,neutral,1,1,1,1,1,1,1,1,1,1,1,1,1,1,1,1,1,1,1,1
334,entailment,0,0,0,0,0,0,0,0,0,0,0,0,0,0,0,0,0,0,0,0
335,entailment,0,0,0,0,0,0,0,0,0,0,0,0,0,0,0,0,0,0,0,0
337,contradiction,0,0,0,0,0,0,0,0,0,0,0,0,0,0,0,0,0,0,0,0
338,neutral,1,1,1,1,1,1,1,1,1,1,1,1,1,1,1,1,1,1,1,1
339,neutral,1,1,1,1,1,1,1,1,1,1,1,1,1,1,1,1,1,1,1,1
340,entailment,1,0,0,0,0,1,0,0,1,0,1,0,0,0,0,1,0,0,0,0
341,neutral,1,1,1,1,1,1,1,1,1,1,1,1,1,1,1,1,1,1,1,1
342,contradiction,0,0,0,0,0,0,0,0,0,0,0,0,0,0,0,0,0,0,0,0
343,entailment,1,1,0,1,0,1,1,0,1,0,1,1,0,1,0,1,1,0,1,0
345,neutral,1,1,1,1,1,1,1,1,1,1,1,1,1,1,1,1,1,1,1,1
346,neutral,1,1,1,1,1,1,1,1,1,1,1,1,1,1,1,1,1,1,1,1
347,contradiction,1,0,1,1,0,1,0,0,0,0,1,0,1,1,1,1,0,0,0,1
348,contradiction,0,0,0,0,0,0,0,0,0,0,0,0,0,0,0,0,0,0,0,0
349,entailment,1,0,1,1,0,1,0,1,1,0,1,0,1,1,0,1,0,1,1,0
351,entailment,1,0,1,1,0,1,0,1,1,0,1,0,1,1,0,1,0,1,1,0
352,contradiction,0,0,1,1,0,0,0,0,0,0,0,0,0,0,0,0,0,0,0,0
353,entailment,0,0,0,0,0,0,0,0,0,0,0,0,0,0,0,0,0,0,0,0
355,neutral,1,1,1,1,1,1,1,1,1,1,1,1,1,1,1,1,1,1,1,1
356,entailment,1,0,1,1,0,1,0,1,1,0,1,0,1,1,0,1,0,1,1,0
357,contradiction,1,0,0,1,0,1,0,1,1,0,1,0,1,1,0,1,0,1,1,0
358,contradiction,0,0,0,0,0,0,0,0,0,0,0,0,0,0,0,0,0,0,0,0
360,entailment,0,0,0,0,0,0,0,0,0,0,0,0,0,0,0,0,0,0,0,0
361,entailment,1,0,0,1,0,1,1,0,1,0,1,0,1,1,0,1,0,0,1,0
362,contradiction,1,0,1,1,0,1,0,1,1,0,1,0,1,1,0,1,0,1,1,0
365,entailment,1,0,0,1,0,1,0,0,1,0,1,0,0,1,0,1,0,0,0,0
366,entailment,1,0,1,1,1,1,0,0,1,0,1,0,0,0,0,1,0,1,0,0
367,neutral,1,1,1,1,1,1,1,1,1,1,1,1,1,1,1,1,1,1,1,1
368,entailment,1,0,1,1,0,1,0,1,1,0,1,0,1,1,0,1,0,0,1,0
369,neutral,1,1,1,1,1,1,1,1,1,1,1,1,1,1,1,1,1,1,1,1
370,neutral,1,1,1,1,1,1,1,1,1,1,1,1,1,1,1,1,1,1,1,1
371,entailment,1,0,1,1,0,1,0,1,1,1,1,0,1,1,0,1,0,1,1,0
372,entailment,1,0,1,1,1,1,0,1,1,1,1,0,0,0,1,1,0,1,1,1
373,contradiction,1,0,1,1,0,1,1,1,1,0,1,0,1,1,0,1,0,1,1,0
374,entailment,1,0,0,0,0,1,0,1,1,1,1,0,1,1,0,1,0,0,0,0
375,contradiction,0,0,0,0,0,0,0,0,0,0,0,0,0,0,0,0,0,0,0,0
376,entailment,1,0,0,1,0,1,0,1,1,0,1,0,0,0,0,1,0,0,0,0
377,neutral,1,1,1,1,1,1,1,1,1,1,1,1,1,1,1,1,1,1,1,1
378,entailment,1,0,1,1,0,1,0,1,1,0,1,0,1,1,1,1,0,1,1,0
379,entailment,1,0,0,1,0,1,0,0,1,0,1,0,1,1,0,1,0,0,0,0
381,entailment,1,0,1,1,0,1,1,0,1,1,1,1,1,1,1,1,0,1,1,0
382,entailment,1,0,1,1,0,1,0,1,1,0,1,0,1,1,0,1,0,1,1,0
383,neutral,1,1,1,1,1,1,1,1,1,1,1,1,1,1,1,1,1,1,1,1
384,entailment,1,0,1,1,1,1,0,1,1,1,1,0,1,1,0,1,0,1,1,1
385,entailment,1,0,0,1,0,1,0,1,1,0,1,0,0,1,0,1,0,0,1,0
386,neutral,1,1,1,1,1,1,1,1,1,1,1,1,1,1,0,1,1,1,1,1
387,contradiction,1,0,0,0,0,1,1,0,0,0,1,0,1,1,1,1,0,0,0,1
388,entailment,1,0,1,1,0,1,0,1,1,0,1,0,1,1,0,1,0,0,1,0
389,entailment,1,0,0,1,0,1,0,0,1,0,1,0,1,1,0,1,0,0,1,0
390,neutral,1,1,1,1,1,1,1,1,1,1,1,1,1,1,1,1,1,1,1,1
393,neutral,1,1,1,1,1,1,1,1,1,1,1,1,1,1,1,1,1,1,1,1
394,neutral,1,1,1,1,1,1,1,1,1,1,1,1,1,1,1,1,1,1,1,1
395,entailment,1,0,1,1,0,1,0,1,1,0,1,0,1,1,1,1,0,1,1,1
397,contradiction,1,0,0,1,0,1,0,1,1,0,1,0,1,1,0,1,0,0,1,1
399,neutral,1,1,1,1,1,1,1,1,1,1,1,1,1,1,1,1,1,0,1,1
400,neutral,0,1,0,1,1,0,1,1,0,1,0,1,1,1,1,0,1,1,1,1
401,entailment,1,0,0,0,0,1,0,1,1,0,1,0,1,1,0,1,0,0,0,0
402,entailment,1,0,0,0,0,1,0,1,1,0,1,0,1,1,0,1,0,0,1,0
403,entailment,0,0,0,0,0,0,0,0,0,0,0,0,0,0,0,0,0,0,0,0
404,neutral,1,1,1,1,1,1,1,1,1,1,1,1,1,1,1,1,1,1,1,1
405,entailment,0,0,0,0,0,0,0,0,0,0,0,0,0,0,0,0,0,0,0,0
407,contradiction,1,0,1,1,1,1,0,1,1,1,1,1,0,0,0,1,0,1,1,1
409,contradiction,1,0,1,1,0,1,1,1,1,0,1,0,0,1,0,1,1,1,1,0
410,entailment,1,0,0,0,1,1,0,1,1,1,1,0,0,0,1,1,1,0,1,0
411,entailment,1,0,1,1,0,1,0,0,1,0,1,0,1,1,0,1,0,0,1,0
412,entailment,1,0,0,1,0,1,0,0,1,0,1,0,0,1,0,1,0,0,1,0
413,entailment,1,0,0,0,0,1,0,0,0,0,1,0,1,1,1,1,0,1,1,0
414,contradiction,0,0,0,0,0,0,0,0,0,0,0,0,0,0,0,0,0,0,0,0
415,entailment,1,0,1,1,0,1,0,0,0,1,1,0,1,1,0,1,0,1,0,0
416,contradiction,0,0,0,0,0,0,0,0,0,0,0,0,0,0,0,0,0,0,0,0
417,entailment,1,0,1,1,0,1,0,1,1,0,1,0,0,1,0,1,0,0,1,0
420,neutral,1,1,1,0,1,1,1,1,1,1,0,1,1,0,1,1,1,1,0,1
421,neutral,1,1,1,1,1,1,1,1,1,1,1,1,1,1,1,1,1,1,1,1
422,neutral,1,1,1,1,1,1,1,1,1,1,1,1,1,1,1,1,1,1,1,1
424,contradiction,0,0,0,0,0,0,0,0,0,0,0,0,0,0,0,0,0,0,0,0
425,contradiction,0,0,0,0,0,0,0,0,0,0,0,0,0,0,0,0,0,0,0,0
429,neutral,1,1,1,1,1,1,1,1,1,1,1,1,1,1,1,1,1,1,1,1
430,contradiction,0,0,0,0,0,0,0,0,0,0,0,0,0,0,0,0,0,0,0,0
431,contradiction,1,1,0,1,0,1,1,0,1,0,1,0,0,1,0,1,0,0,1,0
432,neutral,1,1,1,1,1,1,1,1,1,1,1,1,1,1,1,1,1,1,1,1
433,contradiction,0,1,0,0,0,0,0,0,0,0,0,0,0,0,0,0,0,0,0,0
434,contradiction,0,0,0,0,0,0,0,0,1,0,0,0,0,0,0,0,0,0,0,0
435,contradiction,1,0,0,0,1,1,0,1,1,1,1,0,1,1,1,1,0,1,1,0
437,contradiction,1,0,1,1,0,1,0,1,1,1,1,0,1,1,1,1,0,1,1,1
442,neutral,1,1,1,1,1,1,1,1,1,1,1,1,1,1,1,1,1,1,1,1
443,entailment,1,0,1,1,0,1,0,1,1,0,1,0,1,1,0,1,0,1,0,0
444,neutral,1,1,1,1,1,1,1,1,1,1,1,1,1,1,1,1,1,1,1,1
445,entailment,1,0,1,1,0,1,0,0,0,0,1,0,1,1,1,1,0,0,1,0
446,entailment,0,0,0,0,0,0,0,0,0,0,0,0,0,1,0,0,0,0,0,0
447,entailment,1,0,1,1,0,1,0,1,1,0,1,0,1,1,1,1,0,1,1,0
448,neutral,0,1,1,0,1,0,1,1,0,1,1,1,1,0,1,0,1,1,0,1
449,neutral,1,1,1,1,1,1,1,1,1,1,1,1,1,1,1,1,1,1,1,1
450,contradiction,1,1,0,1,0,1,0,0,0,0,1,0,1,1,0,1,1,1,1,0
452,contradiction,1,0,1,1,0,1,1,1,1,1,1,0,1,1,1,1,0,1,1,0
453,neutral,1,1,1,1,1,1,1,1,1,1,1,1,1,1,1,1,1,1,1,1
454,neutral,1,1,1,1,1,1,1,1,1,1,1,1,1,1,1,1,1,1,1,1
456,contradiction,1,1,1,1,0,1,0,1,1,0,1,0,1,1,0,1,0,1,1,1
457,contradiction,0,0,0,0,0,0,0,0,0,0,0,0,0,0,0,0,0,0,0,0
458,contradiction,1,0,0,1,0,1,0,0,1,0,1,0,0,1,0,1,0,0,1,0
459,neutral,1,1,1,1,1,1,1,1,1,1,1,1,1,1,1,1,1,1,1,1
460,contradiction,1,0,0,1,0,1,0,0,1,0,1,0,0,1,0,1,0,0,1,0
461,neutral,1,1,1,1,1,1,1,1,1,1,1,1,1,1,1,1,1,1,1,1
462,contradiction,1,0,0,1,0,1,0,1,1,0,1,1,0,1,0,1,1,1,1,0
463,neutral,0,1,1,1,1,0,1,1,0,1,0,0,1,0,1,0,0,1,0,1
467,neutral,1,1,1,1,1,1,1,1,1,1,1,1,1,1,1,1,1,1,1,1
468,neutral,1,1,1,1,1,1,1,1,1,1,1,1,1,1,1,1,1,1,1,1
470,contradiction,1,0,1,0,0,1,1,0,1,0,1,1,0,1,0,1,0,1,0,1
472,entailment,1,1,0,1,0,1,1,0,1,0,1,1,0,1,0,1,0,1,1,0
473,neutral,1,1,1,1,1,1,1,1,1,1,1,1,1,1,1,1,1,1,1,1
474,entailment,1,0,0,0,0,1,0,1,1,0,1,0,0,0,0,1,0,1,0,0
475,entailment,1,0,1,1,0,1,1,0,1,0,1,0,1,1,0,1,1,0,1,0
476,neutral,1,1,1,1,1,1,1,1,1,1,1,1,1,1,1,1,1,1,1,1
479,neutral,1,1,1,1,1,1,1,1,1,1,1,1,1,1,1,1,1,1,1,1
481,entailment,1,0,1,1,0,1,0,0,0,0,1,0,1,1,0,1,0,1,1,0
483,entailment,1,0,1,1,1,1,0,1,1,1,1,0,1,0,0,1,0,1,1,0
484,contradiction,1,0,0,1,0,1,0,0,1,0,1,0,0,1,0,1,0,0,1,0
485,neutral,1,1,1,1,1,1,1,1,1,1,1,1,1,1,1,1,1,1,1,0
486,contradiction,1,0,0,1,0,1,0,1,1,0,1,0,1,1,0,1,0,1,1,0
487,contradiction,1,0,0,1,0,1,0,0,1,0,0,0,1,1,1,0,0,0,0,0
489,neutral,1,1,1,1,1,1,1,1,1,1,1,1,1,1,1,1,1,1,1,1
490,contradiction,0,0,0,0,0,0,0,0,0,0,0,0,0,0,0,0,0,0,0,0
491,entailment,1,0,1,1,1,1,0,1,1,1,1,0,1,1,1,1,0,1,1,1
492,entailment,1,0,1,1,0,1,0,0,0,0,1,0,0,0,0,1,0,1,1,0
493,contradiction,1,0,0,0,0,1,0,0,1,0,1,1,1,1,0,0,0,0,0,0
495,neutral,1,1,1,1,1,1,1,1,1,1,1,1,1,1,1,1,1,1,1,1
496,contradiction,0,0,0,0,0,0,0,0,0,0,0,0,0,0,0,0,0,0,0,0
497,neutral,1,1,1,1,1,1,1,1,1,1,1,1,1,1,1,1,1,1,1,1
499,contradiction,1,0,1,1,1,1,0,1,1,0,1,1,0,1,0,1,0,1,1,0
500,contradiction,0,0,0,0,0,0,0,0,0,0,0,0,0,0,0,0,0,0,0,0
501,neutral,1,1,1,1,1,1,1,1,1,1,1,1,1,1,1,1,1,1,1,1
502,neutral,1,1,1,1,1,1,1,1,1,1,1,1,1,1,1,1,1,1,1,1
503,entailment,1,0,0,1,0,1,0,0,0,0,1,0,0,1,0,1,0,0,1,0
504,neutral,1,1,1,1,1,1,1,1,1,1,1,1,1,1,1,1,1,1,1,1
505,contradiction,0,0,0,0,0,0,0,0,0,0,0,0,0,0,0,0,0,0,0,0
506,entailment,1,0,0,1,0,1,0,1,1,0,1,0,1,1,1,1,0,0,1,0
507,contradiction,1,0,0,1,0,1,1,0,0,0,1,1,0,1,0,1,0,0,1,0
508,contradiction,0,0,0,0,0,0,0,0,0,0,0,0,0,0,0,0,0,0,0,0
509,neutral,1,1,1,1,1,1,1,1,1,1,1,1,1,1,1,1,1,1,1,1
510,neutral,1,1,1,1,1,1,1,1,1,1,1,1,1,1,1,1,1,1,1,1
511,entailment,1,0,1,1,0,1,0,1,1,0,1,0,1,1,0,1,0,1,1,0
512,entailment,1,0,1,1,0,1,0,1,1,0,1,0,1,1,0,1,0,1,1,1
513,neutral,1,1,1,1,1,1,1,1,1,1,1,1,1,1,1,1,1,1,1,1
514,neutral,1,1,1,1,1,1,1,1,1,1,1,1,1,1,1,1,1,1,1,1
516,entailment,1,0,0,0,0,1,0,0,0,1,1,0,0,0,0,1,0,0,0,1
517,contradiction,0,0,0,0,0,0,0,0,0,0,0,0,0,0,0,0,0,0,0,0
519,contradiction,1,0,0,1,0,1,1,0,1,0,1,1,0,1,0,1,1,0,1,0
524,entailment,1,0,1,1,1,1,0,1,1,1,1,0,1,1,0,1,0,1,1,1
526,contradiction,0,0,0,0,0,0,0,0,0,0,0,0,0,0,0,0,0,0,0,0
529,neutral,1,1,1,1,1,1,1,1,1,1,1,1,1,1,1,1,1,1,1,1
530,neutral,1,1,1,1,1,1,1,1,1,0,1,1,1,1,1,1,1,1,1,1
531,entailment,1,0,1,1,0,1,0,1,1,0,1,0,1,1,0,1,0,1,1,1
532,entailment,1,0,1,1,1,1,0,1,1,0,1,0,1,1,1,1,0,1,0,1
535,contradiction,0,0,0,0,0,0,0,0,0,0,0,0,0,0,0,0,0,0,0,0
538,entailment,1,0,1,1,0,1,0,1,1,0,1,0,1,1,0,1,0,1,1,0
539,neutral,1,1,1,1,1,1,1,1,1,1,1,1,1,1,1,1,1,1,1,1
540,contradiction,1,0,1,1,1,1,0,1,1,1,1,0,1,1,1,1,0,0,0,0
541,neutral,1,1,1,1,1,1,0,1,1,1,1,1,1,1,1,1,1,1,1,1
542,contradiction,1,0,0,1,0,1,0,0,1,0,1,0,0,1,0,1,0,0,1,0
543,contradiction,0,0,0,0,0,0,0,0,0,0,0,0,0,0,0,0,0,0,0,0
544,neutral,1,1,1,1,1,1,1,1,1,1,1,1,1,1,1,1,1,1,1,1
545,contradiction,0,0,0,0,0,0,0,0,0,0,0,0,0,0,0,0,0,0,0,0
546,neutral,1,1,1,1,1,1,1,1,1,1,1,1,1,1,1,1,1,1,1,1
547,entailment,1,0,0,1,0,1,0,0,1,0,1,0,0,1,0,1,0,0,0,0
548,neutral,1,1,1,1,1,1,1,1,1,1,1,1,1,1,1,1,1,1,1,1
549,entailment,0,0,0,0,0,0,0,0,0,0,0,0,0,0,0,0,0,0,0,0
550,entailment,1,0,1,1,1,1,0,1,1,1,1,0,1,1,0,1,1,0,0,0
551,entailment,1,0,1,1,0,1,0,1,1,0,1,0,1,1,1,1,0,1,1,1
553,entailment,1,0,0,1,0,1,0,0,0,0,1,0,1,1,1,1,0,0,0,0
555,neutral,1,1,1,1,1,1,1,1,1,1,1,1,1,1,1,1,1,1,1,1
556,neutral,1,1,1,1,1,1,1,1,1,1,1,1,1,1,1,1,1,1,1,1
557,contradiction,0,0,0,0,0,0,0,0,0,0,0,0,0,0,0,0,0,0,0,0
558,neutral,1,1,1,1,1,1,1,1,0,1,1,1,1,1,1,1,1,1,1,1
559,contradiction,1,0,1,1,0,1,0,1,1,0,1,0,1,1,0,1,0,1,1,0
560,contradiction,1,0,0,1,0,1,0,1,1,0,1,0,0,1,0,1,0,0,1,0
561,entailment,1,0,1,0,0,1,0,1,0,0,1,0,0,0,0,1,0,1,1,0
562,neutral,1,1,1,1,1,1,1,1,1,1,1,1,1,1,1,1,1,1,1,1
563,contradiction,1,1,1,1,1,1,1,1,1,0,1,1,1,1,0,1,1,1,1,0
564,contradiction,1,0,0,1,0,1,0,1,1,0,1,0,1,1,0,1,0,0,1,0
565,neutral,1,1,1,1,1,1,1,1,1,1,1,1,1,1,1,1,1,1,1,1
567,entailment,1,0,1,1,1,1,0,1,1,0,1,0,0,1,0,1,0,1,1,0
568,contradiction,1,1,0,1,0,1,0,1,1,0,1,0,1,1,0,1,1,0,1,0
569,neutral,1,1,1,1,1,1,1,1,1,1,1,1,1,1,1,1,1,1,0,0
570,contradiction,0,0,0,0,0,0,0,0,0,0,0,0,0,0,0,0,0,0,0,0
573,neutral,1,1,1,1,1,1,1,1,1,1,1,1,1,1,1,1,1,1,1,1
574,neutral,1,1,1,1,1,1,1,1,1,1,1,1,1,1,1,1,1,1,1,1
575,entailment,1,0,1,1,0,1,0,1,1,0,1,0,1,1,0,1,0,0,0,0
577,neutral,1,1,1,1,1,1,1,1,1,1,1,1,1,1,1,1,1,1,1,1
578,neutral,1,1,1,1,1,1,1,1,1,1,1,1,1,1,1,1,1,1,1,1
579,contradiction,1,0,1,1,0,1,0,1,1,0,1,0,0,1,0,1,0,0,1,0
580,contradiction,0,0,0,0,0,0,0,0,0,0,0,0,0,0,0,0,0,0,0,0
581,entailment,1,0,0,0,0,1,0,1,0,0,1,0,1,1,0,1,0,1,1,0
583,entailment,1,0,1,1,1,1,0,0,0,0,1,0,1,1,0,1,0,1,1,0
584,neutral,1,1,1,1,1,1,1,1,1,1,1,1,1,1,1,1,1,1,1,1
586,entailment,1,0,0,0,0,1,0,1,1,0,1,0,1,0,0,1,0,0,0,0
587,contradiction,0,0,0,0,0,0,0,0,0,0,0,0,0,0,0,0,0,0,0,0
588,neutral,1,1,1,1,1,1,1,1,1,1,1,1,1,1,1,1,1,1,1,1
589,contradiction,1,0,0,1,0,1,1,0,1,1,1,0,0,1,0,1,0,1,0,1
590,neutral,1,1,1,1,1,1,1,1,1,1,1,1,1,1,1,1,1,1,1,1
591,contradiction,0,0,0,0,0,0,0,0,0,0,0,0,0,0,0,0,0,0,0,0
592,entailment,1,0,1,0,0,1,0,1,0,0,1,0,1,1,0,1,0,1,1,0
593,neutral,1,1,1,1,1,1,1,1,1,1,1,1,1,1,1,1,1,1,1,1
594,neutral,1,1,1,1,1,1,1,1,1,1,1,1,1,1,1,1,1,1,1,1
596,entailment,1,0,1,1,1,1,0,1,1,0,1,0,1,1,0,1,0,1,1,0
597,neutral,1,1,1,1,1,1,1,1,1,1,1,1,1,1,1,1,1,1,1,1
598,contradiction,1,0,1,1,0,1,0,0,1,0,1,0,1,1,0,1,0,1,1,0
599,neutral,1,1,1,1,1,1,1,1,1,1,1,1,1,1,1,1,1,1,1,1
600,entailment,1,0,1,1,1,1,1,1,1,0,1,1,1,1,0,1,1,1,1,0
602,entailment,1,0,0,1,0,1,0,0,1,0,1,1,0,0,0,1,1,0,1,0
603,entailment,1,0,1,1,0,1,0,1,1,0,1,0,1,1,1,1,0,1,1,0
604,neutral,0,1,1,0,1,0,1,1,0,1,0,1,0,0,1,0,1,1,1,0
605,neutral,1,1,1,1,1,1,1,1,1,1,1,1,1,1,1,1,1,1,1,1
606,neutral,1,1,1,1,1,1,1,1,1,1,1,1,1,1,1,1,1,1,1,1
607,entailment,0,0,0,0,0,0,0,0,0,0,0,0,0,0,0,0,0,0,0,0
609,neutral,1,1,1,1,1,1,1,1,1,1,1,1,1,1,1,1,1,0,1,1
610,entailment,1,0,1,1,0,1,0,1,1,1,1,0,1,1,0,1,1,0,1,0
611,entailment,1,0,1,1,0,1,0,0,0,0,1,0,1,1,0,1,0,0,1,0
612,neutral,1,1,1,1,1,1,1,1,1,1,1,1,1,1,1,1,1,1,1,1
613,entailment,1,0,1,1,1,1,0,1,1,0,1,0,1,1,1,1,0,1,1,1
614,neutral,1,1,1,1,1,1,1,1,1,1,1,1,1,1,1,1,1,1,1,1
615,neutral,1,1,1,1,1,1,1,1,1,1,1,1,1,1,1,1,1,1,1,1
616,contradiction,0,0,0,0,0,0,0,0,0,0,0,0,0,0,0,0,0,0,0,0
617,neutral,1,1,1,1,1,1,1,1,1,1,1,1,1,1,1,1,1,1,1,1
618,contradiction,1,0,0,1,0,1,0,0,1,0,1,0,1,1,0,1,0,1,1,0
619,contradiction,1,0,1,1,0,1,0,1,1,0,1,0,1,1,0,1,0,1,1,0
620,neutral,1,1,1,1,1,1,1,1,1,1,1,1,1,1,1,1,1,1,1,1
622,entailment,1,0,0,0,1,1,0,1,1,0,1,0,1,1,0,1,0,0,1,0
623,neutral,1,1,1,1,1,1,1,1,1,1,1,1,1,1,1,1,1,1,1,1
624,neutral,1,1,1,1,1,1,1,1,1,1,1,1,1,1,1,1,1,1,1,1
625,entailment,1,0,0,1,0,1,0,0,1,0,1,0,0,1,0,1,0,0,1,0
626,contradiction,1,0,0,1,0,1,0,1,1,0,1,0,0,1,0,1,0,0,1,1
627,contradiction,1,0,0,1,0,1,0,0,0,0,1,0,0,1,0,1,0,0,0,0
628,neutral,1,1,1,1,1,1,1,1,1,1,1,1,1,1,1,1,1,1,1,1
629,contradiction,0,0,0,0,0,0,0,0,0,0,0,0,0,0,0,0,0,0,0,0
631,contradiction,1,0,1,1,1,1,0,1,1,1,1,0,1,0,1,1,0,1,1,1
632,entailment,0,0,0,0,0,0,0,0,0,0,0,0,0,0,0,0,0,0,0,0
633,neutral,1,1,1,1,1,1,1,1,1,1,1,1,1,1,1,1,1,1,1,1
634,entailment,1,0,1,1,0,1,0,0,1,0,1,0,0,1,0,1,0,0,1,0
635,entailment,1,0,1,1,0,1,0,1,1,0,1,0,0,1,0,1,0,1,1,0
636,neutral,1,1,1,1,1,1,1,1,1,1,1,1,1,1,1,1,1,1,1,1
637,contradiction,0,0,0,0,0,0,0,0,0,0,0,0,0,0,0,0,0,0,0,0
639,neutral,1,1,1,1,1,1,1,1,1,1,1,1,1,1,1,1,1,1,1,1
640,neutral,1,1,1,1,1,1,1,1,1,1,1,1,1,1,1,1,1,1,1,1
641,entailment,1,0,1,1,1,1,0,1,1,1,1,0,1,1,1,1,0,0,0,0
642,entailment,1,0,1,1,1,1,0,1,1,1,1,0,1,1,0,1,0,1,1,0
643,neutral,1,1,1,1,1,1,1,1,1,1,1,1,1,1,1,1,1,1,1,1
644,entailment,1,0,1,1,0,1,0,1,1,0,1,0,1,0,0,1,0,0,1,0
646,entailment,1,0,0,1,0,1,0,0,1,0,1,0,1,1,1,1,0,0,1,0
647,contradiction,0,0,0,0,0,0,0,0,0,0,0,0,0,0,0,0,0,0,0,0
648,contradiction,1,0,0,0,0,1,0,0,1,0,1,0,0,1,0,1,0,0,0,0
649,contradiction,0,0,0,0,0,0,0,0,0,0,0,0,0,0,0,0,0,0,0,0
650,neutral,1,1,1,1,1,1,1,1,1,1,1,1,1,1,1,1,1,1,1,1
652,neutral,1,1,1,1,1,1,1,1,1,1,1,1,1,1,1,1,1,1,1,1
654,neutral,1,1,1,1,1,1,1,1,1,1,1,1,1,1,1,1,1,1,1,1
655,entailment,1,0,1,1,1,1,0,1,1,1,1,0,1,1,0,1,0,1,1,0
656,contradiction,0,0,0,0,0,0,0,0,0,0,0,0,0,0,0,0,0,0,0,0
657,contradiction,1,0,0,0,0,1,0,1,0,0,1,0,0,1,0,1,0,0,0,0
659,contradiction,0,0,0,0,0,0,0,0,0,0,0,0,0,0,0,0,0,0,0,0
660,contradiction,0,0,0,0,0,0,0,0,0,0,0,0,0,0,0,0,0,0,0,0
661,contradiction,0,0,0,0,0,0,0,0,0,0,0,0,0,0,0,0,0,0,0,0
662,contradiction,1,0,1,1,0,1,0,1,1,0,1,0,0,1,0,1,0,0,0,0
664,neutral,1,1,1,1,1,1,1,1,1,1,1,1,1,1,1,1,1,1,1,1
665,contradiction,0,0,0,0,0,0,0,0,0,0,0,0,0,0,0,0,0,0,0,0
666,entailment,1,0,1,1,1,1,0,0,1,0,1,0,0,0,0,1,0,1,0,0
667,neutral,1,1,1,1,1,1,1,1,1,1,1,1,1,1,1,1,1,1,1,1
668,entailment,1,0,0,0,0,1,0,1,1,1,1,0,1,1,1,1,1,0,0,0
670,entailment,0,0,0,0,0,1,0,0,0,0,0,0,0,0,0,0,0,0,0,0
671,contradiction,0,0,0,0,0,0,0,0,0,0,0,0,0,0,0,0,0,0,0,0
672,neutral,1,1,1,1,1,1,1,1,1,1,1,1,1,1,1,1,1,1,1,1
673,neutral,1,1,1,1,1,1,1,1,1,1,1,1,1,1,1,1,1,1,1,1
674,contradiction,1,0,1,1,0,1,0,0,1,0,1,0,1,1,0,1,0,1,1,1
676,neutral,1,1,1,1,1,1,1,1,1,1,1,1,1,1,1,1,1,1,1,1
677,neutral,1,1,1,1,1,1,1,1,1,1,1,1,1,1,1,1,1,1,1,1
679,contradiction,1,0,0,1,0,1,0,0,1,0,1,0,1,1,0,1,0,0,1,0
680,neutral,1,1,1,1,1,1,1,1,1,1,1,1,1,1,1,1,1,1,1,1
681,contradiction,0,0,0,0,0,0,0,0,0,0,0,0,0,0,0,0,0,0,0,0
683,entailment,1,0,1,1,0,1,0,1,1,1,1,0,1,1,0,1,0,1,1,0
684,contradiction,1,0,0,1,1,1,0,0,1,0,1,0,0,1,0,1,0,1,1,0
685,entailment,1,0,0,0,0,1,0,1,1,0,1,0,0,0,0,1,0,0,1,0
689,neutral,1,1,1,1,1,1,1,1,1,1,1,1,1,1,1,1,1,1,1,1
691,entailment,1,0,1,1,0,1,0,1,1,1,1,0,1,1,0,1,0,1,1,0
692,contradiction,0,0,0,0,0,0,0,0,0,0,0,0,0,0,0,0,0,0,0,0
693,entailment,1,0,0,0,0,1,0,0,0,0,1,0,0,0,0,1,0,1,1,0
694,entailment,0,0,0,0,0,0,0,0,0,0,0,0,0,0,0,0,0,0,0,0
695,neutral,1,1,1,1,1,1,1,1,1,1,1,1,1,1,1,1,1,1,1,1
697,neutral,1,1,1,1,1,1,1,1,1,1,1,1,1,1,1,1,1,1,0,1
698,neutral,1,1,1,1,1,1,1,1,1,1,1,1,1,1,1,1,1,1,1,1
699,entailment,1,0,0,0,0,1,0,0,0,0,1,0,1,1,1,1,0,1,1,0
700,neutral,1,1,1,1,1,1,0,0,0,1,1,1,1,1,1,1,1,1,1,1
701,entailment,1,0,0,1,0,1,0,0,1,0,1,0,1,1,0,1,0,1,1,0
702,entailment,1,0,0,0,0,1,0,0,1,0,1,0,0,1,0,1,0,0,0,0
703,contradiction,0,0,0,0,0,0,0,0,0,1,0,0,0,0,0,0,0,0,0,1
704,contradiction,1,0,0,1,0,1,0,0,1,0,1,0,0,1,0,1,0,0,1,0
705,entailment,1,0,1,1,0,1,0,1,1,0,1,0,1,1,0,1,0,0,1,0
706,neutral,1,1,1,1,1,1,1,1,1,1,1,1,1,1,1,1,1,1,1,1
707,neutral,1,1,1,1,1,1,1,1,1,1,1,1,1,1,1,1,1,1,1,1
708,neutral,1,1,1,1,1,1,1,1,1,1,1,1,1,1,1,1,1,1,1,1
709,contradiction,1,0,1,0,1,1,0,1,1,0,1,0,1,0,0,1,0,1,1,1
711,contradiction,0,0,0,0,0,0,0,0,0,0,0,0,0,0,1,0,0,0,0,0
712,contradiction,1,1,1,1,0,1,1,1,1,0,1,1,1,1,0,1,1,1,1,0
713,neutral,1,1,1,1,1,1,1,1,1,1,1,1,1,1,1,1,1,1,1,1
714,neutral,1,1,1,1,1,1,1,1,1,1,1,1,1,1,1,1,1,1,1,1
715,neutral,1,1,0,1,1,1,1,1,1,1,1,1,1,1,1,1,1,1,1,1
718,contradiction,1,0,1,1,0,1,0,0,1,0,1,0,1,1,0,1,0,1,1,0
719,entailment,1,0,0,0,0,1,0,0,1,0,1,0,0,0,0,1,0,0,0,0
720,neutral,1,1,1,1,1,1,1,1,1,1,1,1,1,1,1,1,1,1,1,1
721,entailment,1,0,0,1,0,1,0,0,1,1,1,0,1,1,0,1,0,0,0,0
722,entailment,1,0,1,1,0,1,0,0,1,0,1,0,0,0,0,1,0,1,1,0
723,neutral,1,1,1,1,1,1,1,1,1,1,1,1,1,1,1,1,1,1,1,1
724,neutral,1,1,1,1,1,1,1,1,1,1,1,1,1,1,1,1,1,1,1,1
725,contradiction,1,0,0,0,0,1,0,0,1,0,1,0,0,1,0,1,0,0,1,0
726,entailment,1,0,1,1,1,1,0,1,1,1,1,0,0,1,0,1,0,1,1,0
727,entailment,0,0,0,0,0,0,0,0,0,0,0,0,0,0,0,0,0,0,0,0
728,neutral,0,1,1,0,1,0,1,1,0,1,1,1,1,1,1,0,1,1,0,1
729,neutral,1,1,1,1,1,1,1,1,1,1,1,1,1,1,1,1,1,1,1,1
731,contradiction,1,0,0,1,0,1,0,0,0,0,1,0,0,0,0,1,0,0,0,0
733,entailment,1,0,1,1,0,1,0,0,1,0,1,0,1,1,1,1,0,1,1,1
734,neutral,1,1,1,1,1,1,1,1,1,1,1,1,1,1,1,1,1,0,1,1
736,neutral,1,1,1,1,1,1,1,1,1,1,1,1,1,1,1,1,1,1,1,1
737,neutral,1,1,1,1,1,1,1,1,1,1,1,1,1,1,1,1,1,1,1,1
738,entailment,1,0,1,1,1,1,0,1,1,1,1,0,1,1,1,1,0,1,1,0
740,contradiction,0,0,0,0,0,0,0,0,0,1,0,0,0,0,0,0,0,0,0,0
741,contradiction,1,0,0,0,0,1,0,0,1,0,1,0,0,1,0,1,0,0,0,0
742,entailment,0,0,0,0,0,0,0,0,0,0,0,0,0,0,0,0,0,0,0,0
743,entailment,1,0,0,0,1,1,0,1,1,0,1,0,1,1,0,1,0,1,1,0
744,entailment,0,0,0,0,0,0,0,0,0,0,0,0,0,0,0,0,0,0,0,0
745,entailment,1,0,1,1,0,1,0,1,1,1,1,0,1,1,1,1,0,1,1,1
746,entailment,1,1,1,1,0,1,1,0,1,0,1,0,1,1,0,1,0,1,1,0
747,contradiction,0,0,0,0,0,0,0,0,0,0,0,0,0,0,0,0,0,0,0,0
748,entailment,1,0,0,1,0,1,0,0,1,0,1,0,1,1,0,1,0,0,0,0
749,neutral,1,1,1,1,1,1,1,1,1,1,1,1,1,1,1,1,1,1,1,1
751,neutral,1,1,1,1,1,1,1,1,1,1,1,1,1,1,1,1,1,1,1,0
752,contradiction,1,0,1,1,0,1,0,1,1,0,1,0,1,1,0,1,0,1,1,1
753,neutral,1,1,1,1,1,1,1,1,1,1,1,1,1,1,1,1,1,1,1,1
754,contradiction,1,0,1,1,0,1,0,0,1,0,1,0,1,1,0,1,0,1,1,0
755,neutral,1,1,1,1,1,1,1,1,1,1,1,1,1,1,1,1,1,1,1,1
757,contradiction,0,0,0,0,0,0,0,0,0,0,0,0,0,1,0,0,0,0,0,0
759,contradiction,0,0,0,0,0,0,0,0,0,0,0,0,0,0,0,0,0,0,1,0
760,entailment,1,0,1,1,0,1,0,1,1,1,1,0,1,1,0,1,0,1,1,0
761,entailment,0,0,0,0,0,0,0,0,0,0,0,0,0,0,0,0,0,0,0,0
762,neutral,1,1,1,1,1,1,1,1,1,1,1,1,1,1,1,1,1,1,1,1
763,entailment,1,0,0,1,1,0,0,0,0,0,0,0,0,0,0,0,0,0,0,0
764,contradiction,1,0,1,1,0,1,0,1,1,0,1,0,0,1,0,1,0,1,1,0
765,contradiction,1,1,0,1,0,1,1,0,0,0,1,0,0,0,1,1,1,0,1,0
767,entailment,1,0,1,1,0,1,0,1,1,0,1,0,1,1,1,1,0,1,1,0
768,entailment,1,0,1,1,0,1,0,1,1,0,1,0,1,1,0,1,0,1,1,0
769,neutral,1,1,1,1,1,1,1,1,1,1,1,1,1,1,1,1,1,1,1,1
770,neutral,1,1,1,1,1,1,1,1,1,1,1,1,1,1,1,1,1,1,1,1
771,contradiction,1,0,0,1,0,1,0,0,1,0,1,0,0,1,0,1,0,1,1,0
772,entailment,1,0,1,1,0,1,0,1,1,0,1,0,0,1,0,1,0,1,1,0
774,contradiction,0,0,0,0,0,0,0,0,0,0,0,0,0,0,0,0,0,0,0,0
775,contradiction,0,0,0,0,0,0,0,0,0,0,0,0,0,0,0,0,0,0,0,0
776,contradiction,0,0,0,0,0,0,0,0,1,1,0,0,0,0,0,0,0,0,0,0
777,neutral,1,1,1,1,1,1,1,1,1,1,1,1,1,1,1,1,1,1,1,1
779,entailment,1,0,1,1,0,1,0,1,1,1,1,0,1,1,0,1,0,1,1,0
780,neutral,1,1,1,1,1,1,1,1,1,1,1,1,1,1,1,1,1,1,1,1
781,entailment,1,0,1,1,0,1,0,1,1,0,1,0,1,1,0,1,0,1,1,0
782,entailment,1,0,1,1,1,1,0,0,0,0,1,0,0,0,0,1,0,0,0,0
784,contradiction,1,0,0,1,0,1,0,0,1,0,1,0,1,1,0,1,0,0,0,0
786,entailment,1,0,0,1,0,1,0,1,1,0,1,0,1,1,0,1,0,0,1,0
790,neutral,1,1,1,1,1,1,1,1,1,1,1,1,1,1,1,1,1,1,1,0
793,entailment,1,0,0,0,0,1,0,1,1,0,1,0,0,0,0,1,0,0,0,0
794,entailment,1,1,0,1,0,1,0,1,1,1,1,1,0,1,0,1,0,0,0,0
795,contradiction,0,0,0,0,0,0,0,0,0,0,0,0,0,0,0,0,0,0,0,0
796,neutral,1,1,1,1,1,1,1,1,1,1,1,1,1,1,1,1,1,1,1,1
797,entailment,1,0,1,0,0,1,0,0,0,0,1,0,1,1,0,1,0,0,0,0
798,entailment,1,0,1,1,0,1,0,1,1,0,1,0,1,1,0,1,0,1,1,0
799,neutral,1,1,1,1,1,1,1,1,1,1,1,1,1,1,1,1,1,1,1,1
800,entailment,1,0,0,0,0,1,0,1,1,1,1,0,0,0,0,1,0,0,0,0
