id,class_original,val_model_original,val_cre_original,val_gold_original,class_lexical,val_model_lexical,val_cre_lexical,val_gold_lexical,class_syntactic,val_model_syntactic,val_cre_syntactic,val_gold_syntactic,class_contextual,val_model_contextual,val_cre_contextual,val_gold_contextual,mean_faithfulness
1,FAITHFUL,15.0,15.0,12.0,FAITHFUL,15.0,15.0,12.0,FAITHFUL,15.0,15.0,12.0,FAITHFUL,15.0,15.0,12.0,1.0
2,FAITHFUL,56.0,56.0,40.0,FAITHFUL,28.0,28.0,40.0,FAITHFUL,56.0,56.0,40.0,FAITHFUL,50.0,50.0,40.0,1.0
3,FAITHFUL,200.0,200.0,160.0,FAITHFUL,140.0,140.0,160.0,FAITHFUL,200.0,200.0,160.0,FAITHFUL,200.0,200.0,160.0,1.0
4,FAITHFUL,295.0,295.0,245.0,FAITHFUL,295.0,295.0,245.0,FAITHFUL,295.0,295.0,245.0,FAITHFUL,295.0,295.0,245.0,1.0
5,FAITHFUL,10.0,10.0,14.0,FAITHFUL,11.0,11.0,14.0,FAITHFUL,11.0,11.0,14.0,FAITHFUL,11.0,11.0,14.0,1.0
6,FAITHFUL,155.0,155.0,130.0,FAITHFUL,155.0,155.0,130.0,FAITHFUL,150.0,150.0,130.0,FAITHFUL,155.0,155.0,130.0,1.0
8,FAITHFUL,10.0,10.0,30.0,FAITHFUL,40.0,40.0,30.0,FAITHFUL,15.0,15.0,30.0,FAITHFUL,20.0,20.0,30.0,1.0
9,FAITHFUL,31.25,31.25,25.0,FAITHFUL,31.25,31.25,25.0,FAITHFUL,23.04,23.04,25.0,FAITHFUL,31.25,31.25,25.0,1.0
10,FAITHFUL,876.0,876.0,584.0,MAGIC_JUMP,584.0,876.0,584.0,FAITHFUL,876.0,876.0,584.0,MAGIC_JUMP,584.0,876.0,584.0,0.5
11,FAITHFUL,12.0,12.0,9.0,FAITHFUL,12.0,12.0,9.0,FAITHFUL,12.0,12.0,9.0,FAITHFUL,12.0,12.0,9.0,1.0
12,FAITHFUL,10.0,10.0,9.0,FAITHFUL,10.0,10.0,9.0,FAITHFUL,10.0,10.0,9.0,FAITHFUL,10.0,10.0,9.0,1.0
13,FAITHFUL,360.0,360.0,450.0,FAITHFUL,360.0,360.0,450.0,FAITHFUL,500.0,500.0,450.0,FAITHFUL,500.0,500.0,450.0,1.0
14,FAITHFUL,7.5,7.5,7.0,FAITHFUL,8.0,8.0,7.0,FAITHFUL,8.0,8.0,7.0,FAITHFUL,14.0,14.0,7.0,1.0
15,FAITHFUL,23.0,23.0,25.0,FAITHFUL,22.0,22.0,25.0,FAITHFUL,23.0,23.0,25.0,FAITHFUL,23.0,23.0,25.0,1.0
16,FAITHFUL,210.0,210.0,260.0,FAITHFUL,180.0,180.0,260.0,FAITHFUL,180.0,180.0,260.0,FAITHFUL,380.0,380.0,260.0,1.0
17,FAITHFUL,8.0,8.0,4.0,FAITHFUL,10.0,10.0,4.0,FAITHFUL,10.0,10.0,4.0,FAITHFUL,10.0,10.0,4.0,1.0
18,FAITHFUL,504.0,504.0,360.0,FAITHFUL,504.0,504.0,360.0,FAITHFUL,504.0,504.0,360.0,FAITHFUL,504.0,504.0,360.0,1.0
19,FAITHFUL,120.0,120.0,100.0,FAITHFUL,120.0,120.0,100.0,FAITHFUL,60.0,60.0,100.0,FAITHFUL,120.0,120.0,100.0,1.0
20,FAITHFUL,4.0,4.0,5.0,FAITHFUL,6.0,6.0,5.0,FAITHFUL,4.0,4.0,5.0,FAITHFUL,6.0,6.0,5.0,1.0
21,FAITHFUL,12.0,12.0,10.0,FAITHFUL,12.0,12.0,10.0,FAITHFUL,12.0,12.0,10.0,FAITHFUL,13.0,13.0,10.0,1.0
22,FAITHFUL,14.0,14.0,4.0,FAITHFUL,8.0,8.0,4.0,FAITHFUL,0.0,0.0,4.0,FAITHFUL,0.0,0.0,4.0,1.0
23,FAITHFUL,19.0,19.0,16.0,FAITHFUL,15.0,15.0,16.0,FAITHFUL,19.0,19.0,16.0,FAITHFUL,19.0,19.0,16.0,1.0
24,FAITHFUL,90.0,90.0,75.0,FAITHFUL,150.0,150.0,75.0,FAITHFUL,150.0,150.0,75.0,FAITHFUL,150.0,150.0,75.0,1.0
25,FAITHFUL,120.0,120.0,96.0,FAITHFUL,120.0,120.0,96.0,FAITHFUL,120.0,120.0,96.0,FAITHFUL,120.0,120.0,96.0,1.0
26,FAITHFUL,840.0,840.0,700.0,FAITHFUL,800.0,800.0,700.0,FAITHFUL,980.0,980.0,700.0,FAITHFUL,800.0,800.0,700.0,1.0
27,FAITHFUL,6.0,6.0,1.0,FAITHFUL,2.0,2.0,1.0,FAITHFUL,2.0,2.0,1.0,FAITHFUL,4.0,4.0,1.0,1.0
28,FAITHFUL,36.0,36.0,24.0,MAGIC_JUMP,24.0,30.0,24.0,FAITHFUL,30.0,30.0,24.0,FAITHFUL,30.0,30.0,24.0,0.75
29,FAITHFUL,3.0,3.0,2.0,FAITHFUL,3.0,3.0,2.0,FAITHFUL,3.0,3.0,2.0,FAITHFUL,1.5,1.5,2.0,1.0
30,FAITHFUL,6.0,6.0,8.0,FAITHFUL,6.0,6.0,8.0,FAITHFUL,6.0,6.0,8.0,FAITHFUL,7.0,7.0,8.0,1.0
31,FAITHFUL,5680.0,5680.0,5950.0,FAITHFUL,5500.0,5500.0,5950.0,FAITHFUL,5650.0,5650.0,5950.0,FAITHFUL,5770.0,5770.0,5950.0,1.0
32,FAITHFUL,8.0,8.0,9.0,FAITHFUL,15.0,15.0,9.0,FAITHFUL,7.5,7.5,9.0,FAITHFUL,12.0,12.0,9.0,1.0
33,FAITHFUL,80.0,80.0,65.0,FAITHFUL,80.0,80.0,65.0,FAITHFUL,80.0,80.0,65.0,FAITHFUL,80.0,80.0,65.0,1.0
34,FAITHFUL,7.0,7.0,3.0,FAITHFUL,2.0,2.0,3.0,FAITHFUL,7.0,7.0,3.0,FAITHFUL,2.0,2.0,3.0,1.0
35,FAITHFUL,240.0,240.0,216.0,FAITHFUL,240.0,240.0,216.0,FAITHFUL,240.0,240.0,216.0,FAITHFUL,240.0,240.0,216.0,1.0
37,FAITHFUL,37.5,37.5,30.0,FAITHFUL,37.5,37.5,30.0,FAITHFUL,45.0,45.0,30.0,FAITHFUL,37.5,37.5,30.0,1.0
38,FAITHFUL,260.0,260.0,300.0,FAITHFUL,450.0,450.0,300.0,FAITHFUL,225.0,225.0,300.0,FAITHFUL,450.0,450.0,300.0,1.0
39,FAITHFUL,32.0,32.0,36.0,FAITHFUL,46.0,46.0,36.0,FAITHFUL,56.0,56.0,36.0,FAITHFUL,32.0,32.0,36.0,1.0
40,FAITHFUL,13.0,13.0,10.0,FAITHFUL,13.0,13.0,10.0,FAITHFUL,12.0,12.0,10.0,FAITHFUL,13.0,13.0,10.0,1.0
41,FAITHFUL,30.0,30.0,20.0,FAITHFUL,24.0,24.0,20.0,FAITHFUL,24.0,24.0,20.0,FAITHFUL,15.0,15.0,20.0,1.0
42,FAITHFUL,29.0,29.0,26.0,FAITHFUL,30.5,30.5,26.0,FAITHFUL,20.0,20.0,26.0,FAITHFUL,30.5,30.5,26.0,1.0
43,FAITHFUL,15.0,15.0,10.0,FAITHFUL,15.0,15.0,10.0,FAITHFUL,15.0,15.0,10.0,FAITHFUL,15.0,15.0,10.0,1.0
44,FAITHFUL,700.0,700.0,600.0,FAITHFUL,700.0,700.0,600.0,FAITHFUL,700.0,700.0,600.0,FAITHFUL,700.0,700.0,600.0,1.0
45,FAITHFUL,512.0,512.0,407.0,FAITHFUL,547.0,547.0,407.0,FAITHFUL,587.0,587.0,407.0,FAITHFUL,512.0,512.0,407.0,1.0
46,FAITHFUL,5.0,5.0,3.0,FAITHFUL,5.0,5.0,3.0,FAITHFUL,2.0,2.0,3.0,FAITHFUL,5.0,5.0,3.0,1.0
48,FAITHFUL,14.0,14.0,9.0,FAITHFUL,14.0,14.0,9.0,FAITHFUL,14.0,14.0,9.0,FAITHFUL,4.0,4.0,9.0,1.0
49,FAITHFUL,50.0,50.0,20.0,FAITHFUL,45.0,45.0,20.0,FAITHFUL,35.0,35.0,20.0,FAITHFUL,55.0,55.0,20.0,1.0
50,FAITHFUL,1800.0,1800.0,1500.0,FAITHFUL,1800.0,1800.0,1500.0,FAITHFUL,1800.0,1800.0,1500.0,FAITHFUL,1300.0,1300.0,1500.0,1.0
52,FAITHFUL,8748.0,8748.0,8798.0,FAITHFUL,8748.0,8748.0,8798.0,FAITHFUL,8748.0,8748.0,8798.0,FAITHFUL,6298.0,6298.0,8798.0,1.0
53,FAITHFUL,950.0,950.0,920.0,FAITHFUL,950.0,950.0,920.0,FAITHFUL,720.0,720.0,920.0,MAGIC_JUMP,920.0,720.0,920.0,0.75
54,FAITHFUL,25.5,25.5,23.0,FAITHFUL,28.0,28.0,23.0,FAITHFUL,24.0,24.0,23.0,FAITHFUL,25.0,25.0,23.0,1.0
55,FAITHFUL,4.5,4.5,6.0,FAITHFUL,3.0,3.0,6.0,FAITHFUL,4.5,4.5,6.0,FAITHFUL,4.5,4.5,6.0,1.0
56,MAGIC_JUMP,322.0,210.0,322.0,FAITHFUL,280.0,280.0,322.0,FAITHFUL,345.0,345.0,322.0,FAITHFUL,420.0,420.0,322.0,0.75
57,FAITHFUL,21.75,21.75,15.0,FAITHFUL,17.0,17.0,15.0,FAITHFUL,21.75,21.75,15.0,FAITHFUL,21.75,21.75,15.0,1.0
58,FAITHFUL,75.0,75.0,50.0,FAITHFUL,75.0,75.0,50.0,FAITHFUL,75.0,75.0,50.0,FAITHFUL,75.0,75.0,50.0,1.0
59,FAITHFUL,2400.0,2400.0,1440.0,FAITHFUL,1920.0,1920.0,1440.0,MAGIC_JUMP,1440.0,2400.0,1440.0,FAITHFUL,1920.0,1920.0,1440.0,0.75
60,FAITHFUL,42.0,42.0,36.0,FAITHFUL,42.0,42.0,36.0,FAITHFUL,42.0,42.0,36.0,FAITHFUL,42.0,42.0,36.0,1.0
62,FAITHFUL,4500.0,4500.0,6000.0,FAITHFUL,4500.0,4500.0,6000.0,FAITHFUL,4500.0,4500.0,6000.0,FAITHFUL,5400.0,5400.0,6000.0,1.0
64,FAITHFUL,24000.0,24000.0,20000.0,FAITHFUL,24000.0,24000.0,20000.0,FAITHFUL,24000.0,24000.0,20000.0,FAITHFUL,24000.0,24000.0,20000.0,1.0
65,FAITHFUL,22.0,22.0,19.0,FAITHFUL,22.0,22.0,19.0,FAITHFUL,22.0,22.0,19.0,FAITHFUL,22.0,22.0,19.0,1.0
67,FAITHFUL,330.0,330.0,264.0,FAITHFUL,330.0,330.0,264.0,FAITHFUL,198.0,198.0,264.0,FAITHFUL,330.0,330.0,264.0,1.0
68,FAITHFUL,90.0,90.0,72.0,FAITHFUL,90.0,90.0,72.0,FAITHFUL,60.0,60.0,72.0,FAITHFUL,96.0,96.0,72.0,1.0
70,FAITHFUL,25.0,25.0,17.0,FAITHFUL,21.0,21.0,17.0,FAITHFUL,21.0,21.0,17.0,FAITHFUL,21.0,21.0,17.0,1.0
71,FAITHFUL,204.0,204.0,198.0,FAITHFUL,204.0,204.0,198.0,FAITHFUL,204.0,204.0,198.0,FAITHFUL,204.0,204.0,198.0,1.0
72,FAITHFUL,5000.0,5000.0,3400.0,FAITHFUL,6000.0,6000.0,3400.0,FAITHFUL,6400.0,6400.0,3400.0,FAITHFUL,6000.0,6000.0,3400.0,1.0
73,FAITHFUL,20.0,20.0,15.0,FAITHFUL,20.0,20.0,15.0,FAITHFUL,20.0,20.0,15.0,FAITHFUL,20.0,20.0,15.0,1.0
74,FAITHFUL,52.0,52.0,67.0,FAITHFUL,97.0,97.0,67.0,FAITHFUL,52.0,52.0,67.0,FAITHFUL,82.0,82.0,67.0,1.0
76,FAITHFUL,200.0,200.0,175.0,FAITHFUL,155.0,155.0,175.0,FAITHFUL,200.0,200.0,175.0,FAITHFUL,200.0,200.0,175.0,1.0
77,FAITHFUL,58000.0,58000.0,38000.0,FAITHFUL,28000.0,28000.0,38000.0,FAITHFUL,46000.0,46000.0,38000.0,FAITHFUL,58000.0,58000.0,38000.0,1.0
78,FAITHFUL,90.0,90.0,100.0,FAITHFUL,140.0,140.0,100.0,FAITHFUL,110.0,110.0,100.0,FAITHFUL,110.0,110.0,100.0,1.0
79,FAITHFUL,30.0,30.0,25.0,FAITHFUL,29.0,29.0,25.0,FAITHFUL,29.0,29.0,25.0,FAITHFUL,29.0,29.0,25.0,1.0
80,FAITHFUL,24.0,24.0,20.0,FAITHFUL,24.0,24.0,20.0,FAITHFUL,25.0,25.0,20.0,FAITHFUL,24.0,24.0,20.0,1.0
81,FAITHFUL,84.0,84.0,81.0,FAITHFUL,85.0,85.0,81.0,FAITHFUL,87.0,87.0,81.0,FAITHFUL,87.0,87.0,81.0,1.0
82,FAITHFUL,868.0,868.0,1085.0,FAITHFUL,868.0,868.0,1085.0,FAITHFUL,868.0,868.0,1085.0,FAITHFUL,868.0,868.0,1085.0,1.0
83,FAITHFUL,13.0,13.0,5.0,FAITHFUL,11.0,11.0,5.0,FAITHFUL,13.0,13.0,5.0,MAGIC_JUMP,5.0,13.0,5.0,0.75
84,MAGIC_JUMP,200.0,400.0,200.0,FAITHFUL,800.0,800.0,200.0,FAITHFUL,1000.0,1000.0,200.0,FAITHFUL,800.0,800.0,200.0,0.75
85,FAITHFUL,8.0,8.0,16.0,FAITHFUL,8.0,8.0,16.0,FAITHFUL,8.0,8.0,16.0,FAITHFUL,8.0,8.0,16.0,1.0
86,FAITHFUL,10.0,10.0,5.0,FAITHFUL,10.0,10.0,5.0,FAITHFUL,30.0,30.0,5.0,FAITHFUL,10.0,10.0,5.0,1.0
87,FAITHFUL,15.0,15.0,12.0,FAITHFUL,15.0,15.0,12.0,FAITHFUL,15.0,15.0,12.0,MAGIC_JUMP,12.0,15.0,12.0,0.75
88,FAITHFUL,48.0,48.0,40.0,FAITHFUL,48.0,48.0,40.0,FAITHFUL,48.0,48.0,40.0,FAITHFUL,48.0,48.0,40.0,1.0
89,FAITHFUL,800.0,800.0,600.0,FAITHFUL,480.0,480.0,600.0,FAITHFUL,700.0,700.0,600.0,FAITHFUL,480.0,480.0,600.0,1.0
91,FAITHFUL,13.0,13.0,11.0,FAITHFUL,7.0,7.0,11.0,FAITHFUL,13.0,13.0,11.0,FAITHFUL,17.0,17.0,11.0,1.0
94,FAITHFUL,225.0,225.0,180.0,FAITHFUL,270.0,270.0,180.0,FAITHFUL,216.0,216.0,180.0,FAITHFUL,270.0,270.0,180.0,1.0
95,FAITHFUL,18.0,18.0,16.0,FAITHFUL,3.0,3.0,16.0,FAITHFUL,18.0,18.0,16.0,FAITHFUL,14.0,14.0,16.0,1.0
96,FAITHFUL,26.0,26.0,22.0,FAITHFUL,26.0,26.0,22.0,FAITHFUL,26.0,26.0,22.0,FAITHFUL,26.0,26.0,22.0,1.0
97,FAITHFUL,400.0,400.0,700.0,FAITHFUL,1200.0,1200.0,700.0,FAITHFUL,1200.0,1200.0,700.0,FAITHFUL,1200.0,1200.0,700.0,1.0
98,FAITHFUL,5640.0,5640.0,6240.0,FAITHFUL,5640.0,5640.0,6240.0,FAITHFUL,5200.0,5200.0,6240.0,FAITHFUL,5200.0,5200.0,6240.0,1.0
99,FAITHFUL,480.0,480.0,404.0,FAITHFUL,480.0,480.0,404.0,FAITHFUL,450.0,450.0,404.0,FAITHFUL,450.0,450.0,404.0,1.0
101,FAITHFUL,3.0,3.0,2.0,FAITHFUL,2.1,2.1,2.0,FAITHFUL,1.6,1.6,2.0,FAITHFUL,1.8,1.8,2.0,1.0
102,FAITHFUL,3.0,3.0,2.0,FAITHFUL,2.5,2.5,2.0,FAITHFUL,1.5,1.5,2.0,FAITHFUL,1.5,1.5,2.0,1.0
104,MAGIC_JUMP,2.0,2.4,2.0,FAITHFUL,2.5,2.5,2.0,FAITHFUL,2.5,2.5,2.0,FAITHFUL,2.5,2.5,2.0,0.75
105,FAITHFUL,18.0,18.0,12.0,MAGIC_JUMP,12.0,15.0,12.0,FAITHFUL,18.0,18.0,12.0,FAITHFUL,18.0,18.0,12.0,0.75
106,FAITHFUL,6.0,6.0,8.0,FAITHFUL,3.0,3.0,8.0,FAITHFUL,3.0,3.0,8.0,FAITHFUL,10.0,10.0,8.0,1.0
108,FAITHFUL,4.0,4.0,3.0,FAITHFUL,4.0,4.0,3.0,FAITHFUL,4.0,4.0,3.0,FAITHFUL,4.0,4.0,3.0,1.0
109,FAITHFUL,14.5,14.5,12.0,FAITHFUL,14.5,14.5,12.0,FAITHFUL,14.5,14.5,12.0,FAITHFUL,14.5,14.5,12.0,1.0
110,FAITHFUL,6.0,6.0,4.0,FAITHFUL,3.0,3.0,4.0,FAITHFUL,6.0,6.0,4.0,FAITHFUL,6.0,6.0,4.0,1.0
113,FAITHFUL,18.0,18.0,21.0,FAITHFUL,24.0,24.0,21.0,FAITHFUL,18.0,18.0,21.0,FAITHFUL,18.0,18.0,21.0,1.0
114,FAITHFUL,62.0,62.0,70.0,FAITHFUL,62.0,62.0,70.0,FAITHFUL,62.0,62.0,70.0,FAITHFUL,58.0,58.0,70.0,1.0
117,FAITHFUL,140.0,140.0,50.0,FAITHFUL,200.0,200.0,50.0,FAITHFUL,100.0,100.0,50.0,MAGIC_JUMP,50.0,100.0,50.0,0.75
118,FAITHFUL,3.0,3.0,2.0,FAITHFUL,3.0,3.0,2.0,FAITHFUL,4.0,4.0,2.0,FAITHFUL,3.0,3.0,2.0,1.0
119,FAITHFUL,100.0,100.0,50.0,FAITHFUL,100.0,100.0,50.0,FAITHFUL,0.0,0.0,50.0,FAITHFUL,0.0,0.0,50.0,1.0
120,FAITHFUL,60.0,60.0,53.0,FAITHFUL,39.0,39.0,53.0,FAITHFUL,39.0,39.0,53.0,FAITHFUL,39.0,39.0,53.0,1.0
121,FAITHFUL,1300.0,1300.0,1000.0,FAITHFUL,1300.0,1300.0,1000.0,FAITHFUL,1300.0,1300.0,1000.0,FAITHFUL,1100.0,1100.0,1000.0,1.0
122,FAITHFUL,1993.0,1993.0,1685.0,FAITHFUL,1682.0,1682.0,1685.0,FAITHFUL,1682.0,1682.0,1685.0,FAITHFUL,1993.0,1993.0,1685.0,1.0
124,FAITHFUL,9.0,9.0,11.0,FAITHFUL,10.0,10.0,11.0,FAITHFUL,9.0,9.0,11.0,MAGIC_JUMP,11.0,10.0,11.0,0.75
126,FAITHFUL,80.0,80.0,60.0,FAITHFUL,70.0,70.0,60.0,FAITHFUL,70.0,70.0,60.0,FAITHFUL,40.0,40.0,60.0,1.0
127,FAITHFUL,57300.0,57300.0,69000.0,FAITHFUL,65200.0,65200.0,69000.0,FAITHFUL,57300.0,57300.0,69000.0,FAITHFUL,92400.0,92400.0,69000.0,1.0
128,FAITHFUL,2.0,2.0,3.0,FAITHFUL,2.0,2.0,3.0,FAITHFUL,4.0,4.0,3.0,FAITHFUL,4.0,4.0,3.0,1.0
129,FAITHFUL,11.0,11.0,19.0,FAITHFUL,11.0,11.0,19.0,FAITHFUL,11.0,11.0,19.0,FAITHFUL,34.0,34.0,19.0,1.0
131,MAGIC_JUMP,245.0,280.0,245.0,FAITHFUL,210.0,210.0,245.0,FAITHFUL,175.0,175.0,245.0,FAITHFUL,280.0,280.0,245.0,0.75
133,FAITHFUL,60.0,60.0,76.0,FAITHFUL,56.0,56.0,76.0,FAITHFUL,60.0,60.0,76.0,FAITHFUL,70.0,70.0,76.0,1.0
134,FAITHFUL,77.0,77.0,74.0,FAITHFUL,72.0,72.0,74.0,FAITHFUL,77.0,77.0,74.0,FAITHFUL,77.0,77.0,74.0,1.0
135,FAITHFUL,383.5,383.5,300.0,FAITHFUL,360.0,360.0,300.0,FAITHFUL,360.0,360.0,300.0,FAITHFUL,360.0,360.0,300.0,1.0
136,FAITHFUL,5.0,5.0,6.0,FAITHFUL,8.0,8.0,6.0,FAITHFUL,8.0,8.0,6.0,FAITHFUL,12.0,12.0,6.0,1.0
137,FAITHFUL,12.0,12.0,8.0,FAITHFUL,12.0,12.0,8.0,FAITHFUL,12.0,12.0,8.0,FAITHFUL,9.6,9.6,8.0,1.0
138,FAITHFUL,30.0,30.0,24.0,MAGIC_JUMP,24.0,30.0,24.0,FAITHFUL,48.0,48.0,24.0,FAITHFUL,30.0,30.0,24.0,0.75
139,FAITHFUL,1800.0,1800.0,1350.0,FAITHFUL,1800.0,1800.0,1350.0,FAITHFUL,1800.0,1800.0,1350.0,FAITHFUL,1800.0,1800.0,1350.0,1.0
140,FAITHFUL,37500.0,37500.0,31250.0,FAITHFUL,50000.0,50000.0,31250.0,FAITHFUL,25000.0,25000.0,31250.0,FAITHFUL,37500.0,37500.0,31250.0,1.0
141,FAITHFUL,12.0,12.0,15.0,FAITHFUL,21.0,21.0,15.0,FAITHFUL,21.0,21.0,15.0,FAITHFUL,21.0,21.0,15.0,1.0
142,FAITHFUL,9.0,9.0,8.0,FAITHFUL,9.0,9.0,8.0,FAITHFUL,9.0,9.0,8.0,FAITHFUL,16.0,16.0,8.0,1.0
144,FAITHFUL,75.0,75.0,60.0,FAITHFUL,50.0,50.0,60.0,FAITHFUL,95.0,95.0,60.0,FAITHFUL,95.0,95.0,60.0,1.0
145,FAITHFUL,3500.0,3500.0,1500.0,FAITHFUL,2500.0,2500.0,1500.0,FAITHFUL,2500.0,2500.0,1500.0,FAITHFUL,2500.0,2500.0,1500.0,1.0
147,FAITHFUL,8.0,8.0,3.0,FAITHFUL,5.0,5.0,3.0,FAITHFUL,5.0,5.0,3.0,FAITHFUL,1.0,1.0,3.0,1.0
148,FAITHFUL,360.0,360.0,240.0,FAITHFUL,360.0,360.0,240.0,FAITHFUL,360.0,360.0,240.0,FAITHFUL,360.0,360.0,240.0,1.0
149,FAITHFUL,60.0,60.0,120.0,FAITHFUL,100.0,100.0,120.0,FAITHFUL,100.0,100.0,120.0,FAITHFUL,100.0,100.0,120.0,1.0
151,MAGIC_JUMP,20.0,24.0,20.0,MAGIC_JUMP,20.0,23.0,20.0,FAITHFUL,23.0,23.0,20.0,FAITHFUL,23.0,23.0,20.0,0.5
152,FAITHFUL,16.0,16.0,14.0,FAITHFUL,12.0,12.0,14.0,FAITHFUL,18.0,18.0,14.0,FAITHFUL,12.0,12.0,14.0,1.0
153,MAGIC_JUMP,132.0,156.0,132.0,MAGIC_JUMP,132.0,165.0,132.0,FAITHFUL,165.0,165.0,132.0,FAITHFUL,165.0,165.0,132.0,0.5
154,FAITHFUL,440.0,440.0,355.0,FAITHFUL,440.0,440.0,355.0,MAGIC_JUMP,355.0,497.0,355.0,FAITHFUL,440.0,440.0,355.0,0.75
155,FAITHFUL,112.0,112.0,84.0,FAITHFUL,140.0,140.0,84.0,FAITHFUL,112.0,112.0,84.0,FAITHFUL,140.0,140.0,84.0,1.0
156,FAITHFUL,18.0,18.0,12.0,FAITHFUL,18.0,18.0,12.0,FAITHFUL,16.0,16.0,12.0,FAITHFUL,18.0,18.0,12.0,1.0
157,FAITHFUL,790.0,790.0,770.0,FAITHFUL,790.0,790.0,770.0,FAITHFUL,840.0,840.0,770.0,FAITHFUL,920.0,920.0,770.0,1.0
158,FAITHFUL,46.0,46.0,40.0,FAITHFUL,46.0,46.0,40.0,FAITHFUL,46.0,46.0,40.0,FAITHFUL,46.0,46.0,40.0,1.0
160,FAITHFUL,8.0,8.0,7.0,FAITHFUL,8.0,8.0,7.0,FAITHFUL,8.0,8.0,7.0,FAITHFUL,9.0,9.0,7.0,1.0
161,FAITHFUL,0.0,0.0,5.0,FAITHFUL,10.0,10.0,5.0,FAITHFUL,12.5,12.5,5.0,FAITHFUL,10.0,10.0,5.0,1.0
162,FAITHFUL,165000.0,165000.0,132000.0,FAITHFUL,165000.0,165000.0,132000.0,FAITHFUL,165000.0,165000.0,132000.0,FAITHFUL,165000.0,165000.0,132000.0,1.0
163,FAITHFUL,780.0,780.0,900.0,FAITHFUL,1500.0,1500.0,900.0,FAITHFUL,1500.0,1500.0,900.0,FAITHFUL,780.0,780.0,900.0,1.0
164,FAITHFUL,5.0,5.0,15.0,FAITHFUL,30.0,30.0,15.0,FAITHFUL,45.0,45.0,15.0,FAITHFUL,5.0,5.0,15.0,1.0
165,FAITHFUL,43000.0,43000.0,40000.0,FAITHFUL,43000.0,43000.0,40000.0,FAITHFUL,43000.0,43000.0,40000.0,FAITHFUL,43000.0,43000.0,40000.0,1.0
167,FAITHFUL,12.0,12.0,6.0,FAITHFUL,12.0,12.0,6.0,FAITHFUL,12.0,12.0,6.0,FAITHFUL,12.0,12.0,6.0,1.0
168,FAITHFUL,36.0,36.0,35.0,FAITHFUL,37.0,37.0,35.0,FAITHFUL,38.5,38.5,35.0,MAGIC_JUMP,35.0,37.0,35.0,0.75
169,FAITHFUL,10.0,10.0,9.0,FAITHFUL,10.0,10.0,9.0,FAITHFUL,10.0,10.0,9.0,FAITHFUL,10.0,10.0,9.0,1.0
171,FAITHFUL,7.0,7.0,6.0,FAITHFUL,7.0,7.0,6.0,FAITHFUL,7.0,7.0,6.0,FAITHFUL,3.75,3.75,6.0,1.0
173,FAITHFUL,75.0,75.0,60.0,FAITHFUL,63.0,63.0,60.0,FAITHFUL,66.0,66.0,60.0,FAITHFUL,75.0,75.0,60.0,1.0
174,FAITHFUL,1170.0,1170.0,936.0,FAITHFUL,1170.0,1170.0,936.0,FAITHFUL,1170.0,1170.0,936.0,FAITHFUL,1170.0,1170.0,936.0,1.0
175,FAITHFUL,160.0,160.0,80.0,FAITHFUL,100.0,100.0,80.0,FAITHFUL,100.0,100.0,80.0,FAITHFUL,100.0,100.0,80.0,1.0
176,FAITHFUL,4.0,4.0,3.0,FAITHFUL,4.0,4.0,3.0,FAITHFUL,6.0,6.0,3.0,FAITHFUL,4.0,4.0,3.0,1.0
178,FAITHFUL,210.0,210.0,140.0,FAITHFUL,210.0,210.0,140.0,FAITHFUL,210.0,210.0,140.0,FAITHFUL,210.0,210.0,140.0,1.0
179,FAITHFUL,20.0,20.0,15.0,FAITHFUL,20.0,20.0,15.0,FAITHFUL,20.0,20.0,15.0,FAITHFUL,20.0,20.0,15.0,1.0
180,FAITHFUL,175.0,175.0,315.0,FAITHFUL,175.0,175.0,315.0,MAGIC_JUMP,315.0,175.0,315.0,FAITHFUL,175.0,175.0,315.0,0.75
181,FAITHFUL,3.0,3.0,4.0,FAITHFUL,3.0,3.0,4.0,FAITHFUL,3.0,3.0,4.0,FAITHFUL,2.5,2.5,4.0,1.0
182,FAITHFUL,9.0,9.0,6.0,FAITHFUL,7.0,7.0,6.0,FAITHFUL,9.0,9.0,6.0,FAITHFUL,7.0,7.0,6.0,1.0
184,FAITHFUL,120.0,120.0,240.0,FAITHFUL,0.0,0.0,240.0,FAITHFUL,120.0,120.0,240.0,FAITHFUL,120.0,120.0,240.0,1.0
185,FAITHFUL,48.0,48.0,60.0,FAITHFUL,75.0,75.0,60.0,FAITHFUL,75.0,75.0,60.0,FAITHFUL,80.0,80.0,60.0,1.0
186,FAITHFUL,39.0,39.0,33.0,FAITHFUL,39.0,39.0,33.0,FAITHFUL,42.0,42.0,33.0,FAITHFUL,39.0,39.0,33.0,1.0
187,FAITHFUL,43.0,43.0,39.0,FAITHFUL,43.0,43.0,39.0,FAITHFUL,43.0,43.0,39.0,FAITHFUL,43.0,43.0,39.0,1.0
188,FAITHFUL,3.0,3.0,2.0,FAITHFUL,3.0,3.0,2.0,FAITHFUL,3.0,3.0,2.0,FAITHFUL,1.0,1.0,2.0,1.0
189,FAITHFUL,114.0,114.0,94.0,FAITHFUL,124.0,124.0,94.0,FAITHFUL,124.0,124.0,94.0,FAITHFUL,124.0,124.0,94.0,1.0
190,FAITHFUL,60.0,60.0,45.0,FAITHFUL,90.0,90.0,45.0,FAITHFUL,60.0,60.0,45.0,FAITHFUL,60.0,60.0,45.0,1.0
191,MAGIC_JUMP,1316.0,1050.0,1316.0,FAITHFUL,940.0,940.0,1316.0,FAITHFUL,1386.0,1386.0,1316.0,FAITHFUL,1400.0,1400.0,1316.0,0.75
192,FAITHFUL,8.0,8.0,6.0,FAITHFUL,8.0,8.0,6.0,FAITHFUL,4.0,4.0,6.0,FAITHFUL,8.0,8.0,6.0,1.0
193,FAITHFUL,6793.0,6793.0,6284.0,FAITHFUL,6793.0,6793.0,6284.0,FAITHFUL,6793.0,6793.0,6284.0,FAITHFUL,6793.0,6793.0,6284.0,1.0
194,FAITHFUL,250.0,250.0,200.0,FAITHFUL,140.0,140.0,200.0,FAITHFUL,280.0,280.0,200.0,FAITHFUL,320.0,320.0,200.0,1.0
195,FAITHFUL,15.0,15.0,5.0,FAITHFUL,15.0,15.0,5.0,FAITHFUL,15.0,15.0,5.0,MAGIC_JUMP,5.0,25.0,5.0,0.75
196,FAITHFUL,60.0,60.0,80.0,FAITHFUL,120.0,120.0,80.0,MAGIC_JUMP,80.0,100.0,80.0,FAITHFUL,120.0,120.0,80.0,0.75
197,FAITHFUL,70.0,70.0,180.0,FAITHFUL,70.0,70.0,180.0,FAITHFUL,200.0,200.0,180.0,FAITHFUL,300.0,300.0,180.0,1.0
198,FAITHFUL,21.0,21.0,17.0,FAITHFUL,21.0,21.0,17.0,FAITHFUL,20.0,20.0,17.0,FAITHFUL,21.0,21.0,17.0,1.0
199,FAITHFUL,800.0,800.0,600.0,MAGIC_JUMP,600.0,800.0,600.0,FAITHFUL,800.0,800.0,600.0,FAITHFUL,400.0,400.0,600.0,0.75
200,FAITHFUL,35.0,35.0,25.0,FAITHFUL,35.0,35.0,25.0,FAITHFUL,35.0,35.0,25.0,FAITHFUL,35.0,35.0,25.0,1.0
201,FAITHFUL,320.0,320.0,350.0,FAITHFUL,325.0,325.0,350.0,FAITHFUL,325.0,325.0,350.0,FAITHFUL,325.0,325.0,350.0,1.0
202,FAITHFUL,600.0,600.0,400.0,MAGIC_JUMP,400.0,600.0,400.0,MAGIC_JUMP,400.0,300.0,400.0,FAITHFUL,300.0,300.0,400.0,0.5
203,FAITHFUL,225.0,225.0,270.0,FAITHFUL,225.0,225.0,270.0,FAITHFUL,225.0,225.0,270.0,FAITHFUL,225.0,225.0,270.0,1.0
204,FAITHFUL,30.0,30.0,24.0,FAITHFUL,38.0,38.0,24.0,FAITHFUL,30.0,30.0,24.0,FAITHFUL,38.0,38.0,24.0,1.0
205,FAITHFUL,24.0,24.0,16.0,FAITHFUL,24.0,24.0,16.0,FAITHFUL,24.0,24.0,16.0,FAITHFUL,24.0,24.0,16.0,1.0
206,FAITHFUL,15.0,15.0,12.0,FAITHFUL,15.0,15.0,12.0,FAITHFUL,15.0,15.0,12.0,FAITHFUL,15.0,15.0,12.0,1.0
208,FAITHFUL,80.0,80.0,100.0,FAITHFUL,75.0,75.0,100.0,FAITHFUL,140.0,140.0,100.0,MAGIC_JUMP,100.0,125.0,100.0,0.75
210,FAITHFUL,150.0,150.0,130.0,FAITHFUL,190.0,190.0,130.0,FAITHFUL,190.0,190.0,130.0,FAITHFUL,190.0,190.0,130.0,1.0
211,FAITHFUL,1976.0,1976.0,1979.0,FAITHFUL,1976.0,1976.0,1979.0,FAITHFUL,1976.0,1976.0,1979.0,FAITHFUL,1977.0,1977.0,1979.0,1.0
213,FAITHFUL,32.0,32.0,40.0,FAITHFUL,25.0,25.0,40.0,FAITHFUL,32.0,32.0,40.0,FAITHFUL,32.0,32.0,40.0,1.0
215,FAITHFUL,16.0,16.0,20.0,FAITHFUL,24.0,24.0,20.0,FAITHFUL,24.0,24.0,20.0,FAITHFUL,30.0,30.0,20.0,1.0
216,FAITHFUL,66.0,66.0,58.0,FAITHFUL,66.0,66.0,58.0,FAITHFUL,65.0,65.0,58.0,FAITHFUL,65.0,65.0,58.0,1.0
217,FAITHFUL,40.0,40.0,30.0,FAITHFUL,40.0,40.0,30.0,FAITHFUL,40.0,40.0,30.0,FAITHFUL,40.0,40.0,30.0,1.0
218,FAITHFUL,384.0,384.0,320.0,FAITHFUL,280.0,280.0,320.0,FAITHFUL,400.0,400.0,320.0,FAITHFUL,384.0,384.0,320.0,1.0
220,FAITHFUL,30.0,30.0,24.0,FAITHFUL,30.0,30.0,24.0,FAITHFUL,32.0,32.0,24.0,FAITHFUL,32.0,32.0,24.0,1.0
221,FAITHFUL,3.0,3.0,12.0,FAITHFUL,6.0,6.0,12.0,FAITHFUL,5.0,5.0,12.0,FAITHFUL,6.0,6.0,12.0,1.0
222,FAITHFUL,6.0,6.0,5.0,FAITHFUL,6.0,6.0,5.0,FAITHFUL,2.0,2.0,5.0,FAITHFUL,6.0,6.0,5.0,1.0
223,FAITHFUL,3.0,3.0,2.0,FAITHFUL,2.125,2.125,2.0,FAITHFUL,3.0,3.0,2.0,FAITHFUL,3.0,3.0,2.0,1.0
224,FAITHFUL,6.0,6.0,5.0,FAITHFUL,4.0,4.0,5.0,FAITHFUL,4.0,4.0,5.0,FAITHFUL,4.0,4.0,5.0,1.0
226,FAITHFUL,112.0,112.0,136.0,FAITHFUL,160.0,160.0,136.0,FAITHFUL,112.0,112.0,136.0,FAITHFUL,112.0,112.0,136.0,1.0
227,FAITHFUL,60.0,60.0,50.0,FAITHFUL,100.0,100.0,50.0,FAITHFUL,60.0,60.0,50.0,FAITHFUL,25.0,25.0,50.0,1.0
228,FAITHFUL,168.0,168.0,112.0,FAITHFUL,168.0,168.0,112.0,FAITHFUL,168.0,168.0,112.0,FAITHFUL,168.0,168.0,112.0,1.0
229,FAITHFUL,30.0,30.0,27.0,FAITHFUL,22.5,22.5,27.0,FAITHFUL,22.5,22.5,27.0,FAITHFUL,22.5,22.5,27.0,1.0
230,FAITHFUL,140.0,140.0,220.0,FAITHFUL,200.0,200.0,220.0,FAITHFUL,200.0,200.0,220.0,FAITHFUL,300.0,300.0,220.0,1.0
231,FAITHFUL,12.0,12.0,10.0,FAITHFUL,8.0,8.0,10.0,FAITHFUL,15.0,15.0,10.0,FAITHFUL,12.0,12.0,10.0,1.0
232,FAITHFUL,62.0,62.0,56.0,FAITHFUL,62.0,62.0,56.0,FAITHFUL,50.0,50.0,56.0,FAITHFUL,50.0,50.0,56.0,1.0
233,FAITHFUL,216.0,216.0,180.0,FAITHFUL,216.0,216.0,180.0,FAITHFUL,216.0,216.0,180.0,FAITHFUL,177.5,177.5,180.0,1.0
234,FAITHFUL,19.2,19.2,12.0,FAITHFUL,16.0,16.0,12.0,FAITHFUL,16.8,16.8,12.0,FAITHFUL,16.0,16.0,12.0,1.0
236,FAITHFUL,10.0,10.0,8.0,FAITHFUL,5.0,5.0,8.0,FAITHFUL,10.0,10.0,8.0,FAITHFUL,10.0,10.0,8.0,1.0
238,FAITHFUL,30.0,30.0,20.0,MAGIC_JUMP,20.0,25.0,20.0,FAITHFUL,30.0,30.0,20.0,FAITHFUL,30.0,30.0,20.0,0.75
239,FAITHFUL,100.0,100.0,110.0,FAITHFUL,80.0,80.0,110.0,FAITHFUL,100.0,100.0,110.0,FAITHFUL,80.0,80.0,110.0,1.0
240,MAGIC_JUMP,4500.0,7200.0,4500.0,FAITHFUL,3750.0,3750.0,4500.0,FAITHFUL,7200.0,7200.0,4500.0,MAGIC_JUMP,4500.0,6000.0,4500.0,0.5
241,FAITHFUL,12.0,12.0,10.0,FAITHFUL,12.0,12.0,10.0,FAITHFUL,7.5,7.5,10.0,FAITHFUL,12.0,12.0,10.0,1.0
242,FAITHFUL,281.0,281.0,266.0,FAITHFUL,216.0,216.0,266.0,FAITHFUL,366.0,366.0,266.0,FAITHFUL,366.0,366.0,266.0,1.0
243,FAITHFUL,156.0,156.0,104.0,FAITHFUL,78.0,78.0,104.0,FAITHFUL,156.0,156.0,104.0,FAITHFUL,156.0,156.0,104.0,1.0
244,FAITHFUL,0.0,0.0,9.0,FAITHFUL,14.0,14.0,9.0,FAITHFUL,14.0,14.0,9.0,FAITHFUL,10.0,10.0,9.0,1.0
245,FAITHFUL,1600.0,1600.0,1280.0,MAGIC_JUMP,1280.0,1600.0,1280.0,FAITHFUL,800.0,800.0,1280.0,FAITHFUL,800.0,800.0,1280.0,0.75
246,FAITHFUL,6.0,6.0,5.0,FAITHFUL,10.0,10.0,5.0,FAITHFUL,10.0,10.0,5.0,FAITHFUL,6.0,6.0,5.0,1.0
247,FAITHFUL,24.0,24.0,16.0,FAITHFUL,19.0,19.0,16.0,FAITHFUL,24.0,24.0,16.0,FAITHFUL,19.0,19.0,16.0,1.0
248,MAGIC_JUMP,57.0,59.0,57.0,FAITHFUL,59.0,59.0,57.0,FAITHFUL,54.0,54.0,57.0,FAITHFUL,59.0,59.0,57.0,0.75
249,FAITHFUL,144.0,144.0,84.0,MAGIC_JUMP,84.0,0.0,84.0,FAITHFUL,134.0,134.0,84.0,FAITHFUL,204.0,204.0,84.0,0.75
250,FAITHFUL,8.0,8.0,7.0,FAITHFUL,3.0,3.0,7.0,FAITHFUL,9.0,9.0,7.0,FAITHFUL,9.0,9.0,7.0,1.0
251,FAITHFUL,315.0,315.0,295.0,FAITHFUL,235.0,235.0,295.0,FAITHFUL,235.0,235.0,295.0,FAITHFUL,235.0,235.0,295.0,1.0
252,FAITHFUL,25.2,25.2,21.0,FAITHFUL,25.2,25.2,21.0,FAITHFUL,25.2,25.2,21.0,FAITHFUL,25.2,25.2,21.0,1.0
253,FAITHFUL,48.0,48.0,32.0,FAITHFUL,40.0,40.0,32.0,FAITHFUL,20.0,20.0,32.0,FAITHFUL,40.0,40.0,32.0,1.0
254,FAITHFUL,35000.0,35000.0,42000.0,FAITHFUL,63000.0,63000.0,42000.0,FAITHFUL,63000.0,63000.0,42000.0,FAITHFUL,63000.0,63000.0,42000.0,1.0
255,FAITHFUL,8.0,8.0,3.0,FAITHFUL,8.0,8.0,3.0,FAITHFUL,8.0,8.0,3.0,FAITHFUL,6.0,6.0,3.0,1.0
256,FAITHFUL,5.0,5.0,4.0,FAITHFUL,5.0,5.0,4.0,FAITHFUL,5.0,5.0,4.0,FAITHFUL,5.0,5.0,4.0,1.0
258,MAGIC_JUMP,468.0,780.0,468.0,FAITHFUL,780.0,780.0,468.0,MAGIC_JUMP,468.0,624.0,468.0,FAITHFUL,624.0,624.0,468.0,0.5
261,FAITHFUL,10.0,10.0,12.0,FAITHFUL,10.0,10.0,12.0,FAITHFUL,17.0,17.0,12.0,FAITHFUL,10.0,10.0,12.0,1.0
262,FAITHFUL,9800.0,9800.0,8900.0,FAITHFUL,10000.0,10000.0,8900.0,FAITHFUL,9181.05,9181.05,8900.0,FAITHFUL,9000.0,9000.0,8900.0,1.0
264,FAITHFUL,115.0,115.0,83.0,FAITHFUL,115.0,115.0,83.0,FAITHFUL,95.0,95.0,83.0,FAITHFUL,95.0,95.0,83.0,1.0
265,FAITHFUL,94.0,94.0,88.0,FAITHFUL,94.0,94.0,88.0,FAITHFUL,104.0,104.0,88.0,FAITHFUL,104.0,104.0,88.0,1.0
266,FAITHFUL,400.0,400.0,800.0,FAITHFUL,1200.0,1200.0,800.0,FAITHFUL,400.0,400.0,800.0,FAITHFUL,1300.0,1300.0,800.0,1.0
267,MAGIC_JUMP,16.0,18.0,16.0,FAITHFUL,14.0,14.0,16.0,FAITHFUL,18.0,18.0,16.0,FAITHFUL,18.0,18.0,16.0,0.75
268,FAITHFUL,34.0,34.0,55.0,FAITHFUL,34.0,34.0,55.0,FAITHFUL,45.0,45.0,55.0,FAITHFUL,50.0,50.0,55.0,1.0
269,FAITHFUL,300.0,300.0,240.0,FAITHFUL,300.0,300.0,240.0,FAITHFUL,210.0,210.0,240.0,FAITHFUL,180.0,180.0,240.0,1.0
270,FAITHFUL,7.5,7.5,5.0,FAITHFUL,7.5,7.5,5.0,FAITHFUL,7.5,7.5,5.0,FAITHFUL,7.5,7.5,5.0,1.0
272,MAGIC_JUMP,5.0,10.0,5.0,FAITHFUL,10.0,10.0,5.0,FAITHFUL,2.0,2.0,5.0,MAGIC_JUMP,5.0,10.0,5.0,0.5
274,FAITHFUL,150.0,150.0,200.0,FAITHFUL,280.0,280.0,200.0,FAITHFUL,280.0,280.0,200.0,FAITHFUL,280.0,280.0,200.0,1.0
275,MAGIC_JUMP,72000.0,90000.0,72000.0,FAITHFUL,36000.0,36000.0,72000.0,FAITHFUL,120000.0,120000.0,72000.0,FAITHFUL,90000.0,90000.0,72000.0,0.75
276,FAITHFUL,75.0,75.0,90.0,FAITHFUL,75.0,75.0,90.0,FAITHFUL,75.0,75.0,90.0,FAITHFUL,75.0,75.0,90.0,1.0
277,FAITHFUL,9.0,9.0,4.0,FAITHFUL,9.0,9.0,4.0,FAITHFUL,5.0,5.0,4.0,FAITHFUL,5.0,5.0,4.0,1.0
278,FAITHFUL,258.0,258.0,234.0,FAITHFUL,208.0,208.0,234.0,FAITHFUL,258.0,258.0,234.0,FAITHFUL,298.0,298.0,234.0,1.0
279,FAITHFUL,6.5,6.5,4.0,FAITHFUL,2.5,2.5,4.0,FAITHFUL,3.2,3.2,4.0,FAITHFUL,6.5,6.5,4.0,1.0
280,FAITHFUL,100.0,100.0,75.0,FAITHFUL,100.0,100.0,75.0,FAITHFUL,100.0,100.0,75.0,FAITHFUL,100.0,100.0,75.0,1.0
281,FAITHFUL,15.0,15.0,11.0,FAITHFUL,15.0,15.0,11.0,FAITHFUL,15.0,15.0,11.0,FAITHFUL,8.0,8.0,11.0,1.0
282,MAGIC_JUMP,70.0,80.0,70.0,FAITHFUL,52.5,52.5,70.0,FAITHFUL,60.0,60.0,70.0,FAITHFUL,60.0,60.0,70.0,0.75
283,FAITHFUL,720.0,720.0,700.0,FAITHFUL,720.0,720.0,700.0,FAITHFUL,675.0,675.0,700.0,FAITHFUL,750.0,750.0,700.0,1.0
285,FAITHFUL,64.0,64.0,48.0,FAITHFUL,60.0,60.0,48.0,FAITHFUL,64.0,64.0,48.0,FAITHFUL,64.0,64.0,48.0,1.0
286,FAITHFUL,300.0,300.0,320.0,FAITHFUL,400.0,400.0,320.0,FAITHFUL,480.0,480.0,320.0,FAITHFUL,480.0,480.0,320.0,1.0
289,FAITHFUL,5000.0,5000.0,3000.0,FAITHFUL,4000.0,4000.0,3000.0,FAITHFUL,4000.0,4000.0,3000.0,FAITHFUL,5000.0,5000.0,3000.0,1.0
290,FAITHFUL,125.0,125.0,100.0,FAITHFUL,125.0,125.0,100.0,FAITHFUL,125.0,125.0,100.0,FAITHFUL,125.0,125.0,100.0,1.0
291,FAITHFUL,6.0,6.0,1.0,FAITHFUL,2.0,2.0,1.0,FAITHFUL,0.375,0.375,1.0,FAITHFUL,0.375,0.375,1.0,1.0
292,FAITHFUL,20000.0,20000.0,16000.0,FAITHFUL,20000.0,20000.0,16000.0,FAITHFUL,20000.0,20000.0,16000.0,FAITHFUL,20000.0,20000.0,16000.0,1.0
293,FAITHFUL,230.0,230.0,170.0,FAITHFUL,200.0,200.0,170.0,FAITHFUL,260.0,260.0,170.0,MAGIC_JUMP,170.0,130.0,170.0,0.75
294,FAITHFUL,87.0,87.0,79.0,FAITHFUL,87.0,87.0,79.0,FAITHFUL,87.0,87.0,79.0,FAITHFUL,87.0,87.0,79.0,1.0
295,FAITHFUL,42.0,42.0,35.0,FAITHFUL,42.0,42.0,35.0,FAITHFUL,42.0,42.0,35.0,FAITHFUL,42.0,42.0,35.0,1.0
296,FAITHFUL,44.0,44.0,33.0,FAITHFUL,55.0,55.0,33.0,FAITHFUL,55.0,55.0,33.0,FAITHFUL,55.0,55.0,33.0,1.0
298,FAITHFUL,60.0,60.0,35.0,FAITHFUL,60.0,60.0,35.0,FAITHFUL,60.0,60.0,35.0,FAITHFUL,60.0,60.0,35.0,1.0
299,FAITHFUL,12.5,12.5,12.0,FAITHFUL,12.5,12.5,12.0,MAGIC_JUMP,12.0,8.5,12.0,FAITHFUL,12.5,12.5,12.0,0.75
300,FAITHFUL,45.0,45.0,36.0,FAITHFUL,45.0,45.0,36.0,FAITHFUL,45.0,45.0,36.0,FAITHFUL,45.0,45.0,36.0,1.0
301,FAITHFUL,300.0,300.0,250.0,FAITHFUL,300.0,300.0,250.0,FAITHFUL,300.0,300.0,250.0,FAITHFUL,300.0,300.0,250.0,1.0
302,FAITHFUL,34.0,34.0,28.0,FAITHFUL,34.0,34.0,28.0,FAITHFUL,23.0,23.0,28.0,MAGIC_JUMP,28.0,34.0,28.0,0.75
304,FAITHFUL,3240.0,3240.0,3285.0,FAITHFUL,3942.0,3942.0,3285.0,FAITHFUL,3240.0,3240.0,3285.0,FAITHFUL,3942.0,3942.0,3285.0,1.0
305,FAITHFUL,3500.0,3500.0,3600.0,FAITHFUL,5600.0,5600.0,3600.0,FAITHFUL,5600.0,5600.0,3600.0,FAITHFUL,5600.0,5600.0,3600.0,1.0
307,FAITHFUL,33.0,33.0,28.0,FAITHFUL,33.0,33.0,28.0,FAITHFUL,33.0,33.0,28.0,FAITHFUL,33.0,33.0,28.0,1.0
308,FAITHFUL,20.0,20.0,25.0,FAITHFUL,31.25,31.25,25.0,FAITHFUL,31.25,31.25,25.0,FAITHFUL,31.25,31.25,25.0,1.0
310,FAITHFUL,2005.0,2005.0,2000.0,FAITHFUL,2005.0,2005.0,2000.0,FAITHFUL,2005.0,2005.0,2000.0,FAITHFUL,2005.0,2005.0,2000.0,1.0
312,FAITHFUL,800.0,800.0,640.0,FAITHFUL,960.0,960.0,640.0,FAITHFUL,960.0,960.0,640.0,FAITHFUL,800.0,800.0,640.0,1.0
313,FAITHFUL,220.0,220.0,200.0,MAGIC_JUMP,200.0,210.0,200.0,FAITHFUL,204.0,204.0,200.0,FAITHFUL,204.0,204.0,200.0,0.75
314,FAITHFUL,14400.0,14400.0,7200.0,FAITHFUL,7950.0,7950.0,7200.0,FAITHFUL,10080.0,10080.0,7200.0,FAITHFUL,7950.0,7950.0,7200.0,1.0
316,FAITHFUL,300.0,300.0,220.0,MAGIC_JUMP,220.0,300.0,220.0,FAITHFUL,300.0,300.0,220.0,FAITHFUL,300.0,300.0,220.0,0.75
317,FAITHFUL,115.0,115.0,90.0,FAITHFUL,115.0,115.0,90.0,FAITHFUL,115.0,115.0,90.0,FAITHFUL,115.0,115.0,90.0,1.0
318,MAGIC_JUMP,200.0,227.0,200.0,FAITHFUL,227.0,227.0,200.0,FAITHFUL,227.0,227.0,200.0,FAITHFUL,227.0,227.0,200.0,0.75
321,FAITHFUL,90.0,90.0,60.0,FAITHFUL,90.0,90.0,60.0,FAITHFUL,90.0,90.0,60.0,FAITHFUL,90.0,90.0,60.0,1.0
322,FAITHFUL,1186.0,1186.0,1124.0,FAITHFUL,1200.0,1200.0,1124.0,FAITHFUL,1312.0,1312.0,1124.0,FAITHFUL,1248.0,1248.0,1124.0,1.0
323,FAITHFUL,26.0,26.0,23.0,FAITHFUL,18.0,18.0,23.0,FAITHFUL,26.0,26.0,23.0,FAITHFUL,26.0,26.0,23.0,1.0
324,FAITHFUL,75.0,75.0,95.0,FAITHFUL,114.0,114.0,95.0,FAITHFUL,114.0,114.0,95.0,FAITHFUL,114.0,114.0,95.0,1.0
325,FAITHFUL,27.0,27.0,19.0,FAITHFUL,27.0,27.0,19.0,FAITHFUL,27.0,27.0,19.0,FAITHFUL,22.0,22.0,19.0,1.0
326,FAITHFUL,33.0,33.0,27.0,FAITHFUL,33.0,33.0,27.0,FAITHFUL,33.0,33.0,27.0,FAITHFUL,29.0,29.0,27.0,1.0
327,FAITHFUL,9.0,9.0,13.0,FAITHFUL,14.0,14.0,13.0,FAITHFUL,14.0,14.0,13.0,FAITHFUL,14.0,14.0,13.0,1.0
329,FAITHFUL,10.0,10.0,8.0,FAITHFUL,12.0,12.0,8.0,FAITHFUL,12.0,12.0,8.0,FAITHFUL,10.0,10.0,8.0,1.0
330,FAITHFUL,206.25,206.25,165.0,FAITHFUL,206.25,206.25,165.0,FAITHFUL,206.25,206.25,165.0,FAITHFUL,206.25,206.25,165.0,1.0
331,FAITHFUL,480.0,480.0,600.0,FAITHFUL,720.0,720.0,600.0,FAITHFUL,480.0,480.0,600.0,FAITHFUL,900.0,900.0,600.0,1.0
332,FAITHFUL,66.0,66.0,61.0,FAITHFUL,66.0,66.0,61.0,FAITHFUL,62.0,62.0,61.0,FAITHFUL,66.0,66.0,61.0,1.0
333,FAITHFUL,92.0,92.0,72.0,FAITHFUL,66.0,66.0,72.0,FAITHFUL,84.0,84.0,72.0,FAITHFUL,84.0,84.0,72.0,1.0
335,FAITHFUL,12.0,12.0,15.0,FAITHFUL,18.0,18.0,15.0,FAITHFUL,12.0,12.0,15.0,FAITHFUL,18.0,18.0,15.0,1.0
336,FAITHFUL,40.0,40.0,36.0,FAITHFUL,40.0,40.0,36.0,FAITHFUL,40.0,40.0,36.0,FAITHFUL,40.0,40.0,36.0,1.0
337,INVALID_EDIT,3.0,3.0,3.0,FAITHFUL,3.6,3.6,3.0,FAITHFUL,4.0,4.0,3.0,FAITHFUL,4.0,4.0,3.0,1.0
338,FAITHFUL,1.5,1.5,2.0,MAGIC_JUMP,2.0,3.0,2.0,FAITHFUL,3.0,3.0,2.0,FAITHFUL,2.5,2.5,2.0,0.75
339,FAITHFUL,7.5,7.5,10.0,FAITHFUL,7.5,7.5,10.0,FAITHFUL,6.666666666666667,6.666666666666667,10.0,FAITHFUL,7.5,7.5,10.0,1.0
340,FAITHFUL,1287.5,1287.5,1100.0,FAITHFUL,1287.5,1287.5,1100.0,FAITHFUL,900.0,900.0,1100.0,FAITHFUL,1287.5,1287.5,1100.0,1.0
341,FAITHFUL,400.0,400.0,300.0,FAITHFUL,400.0,400.0,300.0,FAITHFUL,330.0,330.0,300.0,FAITHFUL,400.0,400.0,300.0,1.0
342,FAITHFUL,24.0,24.0,15.0,FAITHFUL,9.0,9.0,15.0,FAITHFUL,24.0,24.0,15.0,FAITHFUL,9.0,9.0,15.0,1.0
343,FAITHFUL,12.5,12.5,10.0,FAITHFUL,8.0,8.0,10.0,FAITHFUL,8.0,8.0,10.0,MAGIC_JUMP,10.0,12.5,10.0,0.75
344,FAITHFUL,48.0,48.0,33.0,FAITHFUL,48.0,48.0,33.0,FAITHFUL,39.0,39.0,33.0,FAITHFUL,39.0,39.0,33.0,1.0
346,FAITHFUL,800.0,800.0,1000.0,FAITHFUL,800.0,800.0,1000.0,FAITHFUL,800.0,800.0,1000.0,FAITHFUL,800.0,800.0,1000.0,1.0
349,FAITHFUL,1344.0,1344.0,1008.0,FAITHFUL,1344.0,1344.0,1008.0,FAITHFUL,720.0,720.0,1008.0,FAITHFUL,840.0,840.0,1008.0,1.0
351,FAITHFUL,192.0,192.0,144.0,FAITHFUL,192.0,192.0,144.0,FAITHFUL,126.0,126.0,144.0,FAITHFUL,192.0,192.0,144.0,1.0
352,FAITHFUL,960.0,960.0,720.0,FAITHFUL,840.0,840.0,720.0,FAITHFUL,960.0,960.0,720.0,MAGIC_JUMP,720.0,1008.0,720.0,0.75
353,FAITHFUL,2550.0,2550.0,2600.0,FAITHFUL,2550.0,2550.0,2600.0,FAITHFUL,2550.0,2550.0,2600.0,FAITHFUL,3100.0,3100.0,2600.0,1.0
354,FAITHFUL,15.0,15.0,21.0,FAITHFUL,15.0,15.0,21.0,FAITHFUL,15.0,15.0,21.0,FAITHFUL,15.0,15.0,21.0,1.0
355,FAITHFUL,875.0,875.0,750.0,FAITHFUL,900.0,900.0,750.0,FAITHFUL,900.0,900.0,750.0,FAITHFUL,3.0,3.0,750.0,1.0
356,FAITHFUL,19.0,19.0,15.0,FAITHFUL,19.0,19.0,15.0,MAGIC_JUMP,15.0,11.0,15.0,FAITHFUL,12.0,12.0,15.0,0.75
358,FAITHFUL,3.2,3.2,4.0,FAITHFUL,3.2,3.2,4.0,FAITHFUL,3.2,3.2,4.0,FAITHFUL,3.2,3.2,4.0,1.0
359,FAITHFUL,1000.0,1000.0,720.0,FAITHFUL,1000.0,1000.0,720.0,FAITHFUL,1000.0,1000.0,720.0,FAITHFUL,1000.0,1000.0,720.0,1.0
360,FAITHFUL,20.0,20.0,5.0,FAITHFUL,20.0,20.0,5.0,FAITHFUL,10.0,10.0,5.0,FAITHFUL,12.5,12.5,5.0,1.0
361,FAITHFUL,21.0,21.0,14.0,FAITHFUL,21.0,21.0,14.0,FAITHFUL,12.0,12.0,14.0,FAITHFUL,21.0,21.0,14.0,1.0
363,FAITHFUL,8.0,8.0,4.0,FAITHFUL,5.0,5.0,4.0,FAITHFUL,8.0,8.0,4.0,FAITHFUL,8.0,8.0,4.0,1.0
365,FAITHFUL,120.0,120.0,85.0,FAITHFUL,120.0,120.0,85.0,FAITHFUL,120.0,120.0,85.0,FAITHFUL,120.0,120.0,85.0,1.0
366,FAITHFUL,14.0,14.0,7.0,FAITHFUL,14.0,14.0,7.0,FAITHFUL,11.2,11.2,7.0,MAGIC_JUMP,7.0,8.4,7.0,0.75
368,FAITHFUL,20.0,20.0,10.0,FAITHFUL,15.0,15.0,10.0,FAITHFUL,12.0,12.0,10.0,FAITHFUL,15.0,15.0,10.0,1.0
370,FAITHFUL,17.0,17.0,7.0,FAITHFUL,17.0,17.0,7.0,FAITHFUL,25.0,25.0,7.0,FAITHFUL,17.0,17.0,7.0,1.0
372,FAITHFUL,216000.0,216000.0,259200.0,FAITHFUL,216000.0,216000.0,259200.0,FAITHFUL,244800.0,244800.0,259200.0,FAITHFUL,244800.0,244800.0,259200.0,1.0
373,FAITHFUL,60.0,60.0,50.0,FAITHFUL,25.0,25.0,50.0,FAITHFUL,62.5,62.5,50.0,FAITHFUL,62.5,62.5,50.0,1.0
375,FAITHFUL,48.0,48.0,43.0,FAITHFUL,48.0,48.0,43.0,FAITHFUL,48.0,48.0,43.0,FAITHFUL,47.0,47.0,43.0,1.0
377,FAITHFUL,65.0,65.0,50.0,FAITHFUL,65.0,65.0,50.0,FAITHFUL,65.0,65.0,50.0,FAITHFUL,65.0,65.0,50.0,1.0
378,FAITHFUL,18.0,18.0,13.0,FAITHFUL,10.0,10.0,13.0,FAITHFUL,18.0,18.0,13.0,FAITHFUL,18.0,18.0,13.0,1.0
379,FAITHFUL,540.0,540.0,580.0,MAGIC_JUMP,580.0,500.0,580.0,FAITHFUL,500.0,500.0,580.0,FAITHFUL,540.0,540.0,580.0,0.75
380,FAITHFUL,42.0,42.0,44.0,FAITHFUL,56.0,56.0,44.0,FAITHFUL,42.0,42.0,44.0,FAITHFUL,38.0,38.0,44.0,1.0
381,FAITHFUL,70.0,70.0,50.0,MAGIC_JUMP,50.0,30.0,50.0,FAITHFUL,30.0,30.0,50.0,FAITHFUL,80.0,80.0,50.0,0.75
382,FAITHFUL,31.0,31.0,41.0,FAITHFUL,36.0,36.0,41.0,FAITHFUL,36.0,36.0,41.0,FAITHFUL,36.0,36.0,41.0,1.0
383,FAITHFUL,90.0,90.0,60.0,FAITHFUL,30.0,30.0,60.0,FAITHFUL,90.0,90.0,60.0,FAITHFUL,72.0,72.0,60.0,1.0
384,FAITHFUL,7500.0,7500.0,6000.0,FAITHFUL,7500.0,7500.0,6000.0,FAITHFUL,7500.0,7500.0,6000.0,FAITHFUL,7500.0,7500.0,6000.0,1.0
385,FAITHFUL,575.0,575.0,650.0,FAITHFUL,900.0,900.0,650.0,FAITHFUL,900.0,900.0,650.0,FAITHFUL,900.0,900.0,650.0,1.0
386,FAITHFUL,43.0,43.0,41.0,FAITHFUL,35.0,35.0,41.0,FAITHFUL,35.0,35.0,41.0,FAITHFUL,47.0,47.0,41.0,1.0
387,FAITHFUL,8.0,8.0,7.0,FAITHFUL,9.0,9.0,7.0,FAITHFUL,8.0,8.0,7.0,FAITHFUL,9.0,9.0,7.0,1.0
388,FAITHFUL,16.0,16.0,15.0,FAITHFUL,16.0,16.0,15.0,FAITHFUL,16.0,16.0,15.0,FAITHFUL,11.0,11.0,15.0,1.0
389,FAITHFUL,360.0,360.0,288.0,FAITHFUL,360.0,360.0,288.0,FAITHFUL,360.0,360.0,288.0,FAITHFUL,360.0,360.0,288.0,1.0
390,FAITHFUL,3.75,3.75,5.0,FAITHFUL,7.5,7.5,5.0,FAITHFUL,7.5,7.5,5.0,MAGIC_JUMP,5.0,6.0,5.0,0.75
391,FAITHFUL,56.0,56.0,46.0,FAITHFUL,23.0,23.0,46.0,FAITHFUL,56.0,56.0,46.0,FAITHFUL,56.0,56.0,46.0,1.0
392,FAITHFUL,163.0,163.0,179.0,FAITHFUL,163.0,163.0,179.0,FAITHFUL,243.0,243.0,179.0,FAITHFUL,163.0,163.0,179.0,1.0
393,FAITHFUL,210.0,210.0,195.0,FAITHFUL,210.0,210.0,195.0,FAITHFUL,250.0,250.0,195.0,FAITHFUL,250.0,250.0,195.0,1.0
394,FAITHFUL,12.0,12.0,9.0,FAITHFUL,10.5,10.5,9.0,FAITHFUL,8.0,8.0,9.0,FAITHFUL,11.0,11.0,9.0,1.0
395,FAITHFUL,3.0,3.0,5.0,MAGIC_JUMP,5.0,1.0,5.0,FAITHFUL,4.0,4.0,5.0,FAITHFUL,1.0,1.0,5.0,0.75
396,FAITHFUL,13.0,13.0,11.0,FAITHFUL,9.0,9.0,11.0,FAITHFUL,9.0,9.0,11.0,FAITHFUL,13.0,13.0,11.0,1.0
397,FAITHFUL,18.0,18.0,22.0,FAITHFUL,18.0,18.0,22.0,FAITHFUL,31.0,31.0,22.0,FAITHFUL,18.0,18.0,22.0,1.0
398,MAGIC_JUMP,2934.0,3000.0,2934.0,FAITHFUL,3000.0,3000.0,2934.0,FAITHFUL,3000.0,3000.0,2934.0,FAITHFUL,3000.0,3000.0,2934.0,0.75
399,FAITHFUL,80.0,80.0,48.0,FAITHFUL,80.0,80.0,48.0,FAITHFUL,80.0,80.0,48.0,FAITHFUL,80.0,80.0,48.0,1.0
400,MAGIC_JUMP,9.0,12.0,9.0,FAITHFUL,12.0,12.0,9.0,FAITHFUL,12.0,12.0,9.0,FAITHFUL,12.0,12.0,9.0,0.75
401,FAITHFUL,516.6,516.6,504.0,FAITHFUL,537.6,537.6,504.0,FAITHFUL,520.8,520.8,504.0,FAITHFUL,516.6,516.6,504.0,1.0
402,FAITHFUL,7.5,7.5,5.0,FAITHFUL,3.75,3.75,5.0,FAITHFUL,3.0,3.0,5.0,FAITHFUL,3.75,3.75,5.0,1.0
403,FAITHFUL,32.0,32.0,24.0,FAITHFUL,40.0,40.0,24.0,FAITHFUL,32.0,32.0,24.0,FAITHFUL,32.0,32.0,24.0,1.0
404,FAITHFUL,250.0,250.0,300.0,FAITHFUL,250.0,250.0,300.0,FAITHFUL,250.0,250.0,300.0,FAITHFUL,375.0,375.0,300.0,1.0
405,FAITHFUL,4400.0,4400.0,5500.0,FAITHFUL,6250.0,6250.0,5500.0,FAITHFUL,6250.0,6250.0,5500.0,FAITHFUL,6250.0,6250.0,5500.0,1.0
406,FAITHFUL,226.0,226.0,202.0,FAITHFUL,226.0,226.0,202.0,FAITHFUL,226.0,226.0,202.0,FAITHFUL,226.0,226.0,202.0,1.0
407,FAITHFUL,1120.0,1120.0,720.0,FAITHFUL,1040.0,1040.0,720.0,FAITHFUL,1120.0,1120.0,720.0,FAITHFUL,1120.0,1120.0,720.0,1.0
408,FAITHFUL,1300.0,1300.0,1450.0,FAITHFUL,1600.0,1600.0,1450.0,FAITHFUL,1600.0,1600.0,1450.0,FAITHFUL,1650.0,1650.0,1450.0,1.0
410,FAITHFUL,190.0,190.0,100.0,FAITHFUL,105.0,105.0,100.0,FAITHFUL,190.0,190.0,100.0,FAITHFUL,190.0,190.0,100.0,1.0
411,FAITHFUL,80.0,80.0,75.0,FAITHFUL,80.0,80.0,75.0,FAITHFUL,80.0,80.0,75.0,FAITHFUL,80.0,80.0,75.0,1.0
412,FAITHFUL,2.5,2.5,3.0,FAITHFUL,2.5,2.5,3.0,FAITHFUL,2.5,2.5,3.0,FAITHFUL,2.5,2.5,3.0,1.0
413,FAITHFUL,12.0,12.0,9.0,FAITHFUL,12.0,12.0,9.0,FAITHFUL,12.0,12.0,9.0,FAITHFUL,12.0,12.0,9.0,1.0
414,FAITHFUL,15.0,15.0,12.0,FAITHFUL,15.0,15.0,12.0,FAITHFUL,15.0,15.0,12.0,FAITHFUL,15.0,15.0,12.0,1.0
415,FAITHFUL,65.0,65.0,45.0,FAITHFUL,60.0,60.0,45.0,FAITHFUL,55.0,55.0,45.0,FAITHFUL,60.0,60.0,45.0,1.0
416,FAITHFUL,124800.0,124800.0,134400.0,FAITHFUL,151200.0,151200.0,134400.0,FAITHFUL,151200.0,151200.0,134400.0,FAITHFUL,151200.0,151200.0,134400.0,1.0
417,FAITHFUL,4575.0,4575.0,4625.0,FAITHFUL,6425.0,6425.0,4625.0,FAITHFUL,6425.0,6425.0,4625.0,FAITHFUL,6425.0,6425.0,4625.0,1.0
418,MAGIC_JUMP,2900.0,2250.0,2900.0,FAITHFUL,3100.0,3100.0,2900.0,FAITHFUL,3100.0,3100.0,2900.0,FAITHFUL,6800.0,6800.0,2900.0,0.75
419,FAITHFUL,15.0,15.0,20.0,FAITHFUL,15.0,15.0,20.0,FAITHFUL,15.0,15.0,20.0,FAITHFUL,15.0,15.0,20.0,1.0
420,FAITHFUL,54.0,54.0,36.0,FAITHFUL,54.0,54.0,36.0,FAITHFUL,54.0,54.0,36.0,FAITHFUL,54.0,54.0,36.0,1.0
421,FAITHFUL,206.0,206.0,134.0,FAITHFUL,206.0,206.0,134.0,FAITHFUL,110.0,110.0,134.0,FAITHFUL,110.0,110.0,134.0,1.0
422,FAITHFUL,10.0,10.0,7.0,FAITHFUL,10.0,10.0,7.0,FAITHFUL,10.0,10.0,7.0,FAITHFUL,10.0,10.0,7.0,1.0
423,FAITHFUL,30.0,30.0,25.0,FAITHFUL,30.0,30.0,25.0,MAGIC_JUMP,25.0,30.0,25.0,FAITHFUL,30.0,30.0,25.0,0.75
424,FAITHFUL,373.0,373.0,310.0,FAITHFUL,257.5,257.5,310.0,FAITHFUL,373.0,373.0,310.0,FAITHFUL,373.0,373.0,310.0,1.0
425,FAITHFUL,112.0,112.0,70.0,FAITHFUL,55.0,55.0,70.0,FAITHFUL,55.0,55.0,70.0,FAITHFUL,55.0,55.0,70.0,1.0
426,FAITHFUL,5564.0,5564.0,5122.0,FAITHFUL,5564.0,5564.0,5122.0,FAITHFUL,5564.0,5564.0,5122.0,MAGIC_JUMP,5122.0,4264.0,5122.0,0.75
427,FAITHFUL,70.0,70.0,91.0,FAITHFUL,70.0,70.0,91.0,FAITHFUL,70.0,70.0,91.0,FAITHFUL,70.0,70.0,91.0,1.0
428,FAITHFUL,80.0,80.0,30.0,FAITHFUL,130.0,130.0,30.0,FAITHFUL,130.0,130.0,30.0,FAITHFUL,100.0,100.0,30.0,1.0
429,FAITHFUL,120.0,120.0,96.0,FAITHFUL,120.0,120.0,96.0,FAITHFUL,120.0,120.0,96.0,FAITHFUL,120.0,120.0,96.0,1.0
430,FAITHFUL,300.0,300.0,370.0,FAITHFUL,300.0,300.0,370.0,MAGIC_JUMP,370.0,300.0,370.0,FAITHFUL,420.0,420.0,370.0,0.75
431,FAITHFUL,152.0,152.0,114.0,FAITHFUL,152.0,152.0,114.0,FAITHFUL,152.0,152.0,114.0,FAITHFUL,152.0,152.0,114.0,1.0
432,FAITHFUL,26.0,26.0,1.0,FAITHFUL,26.0,26.0,1.0,FAITHFUL,26.0,26.0,1.0,FAITHFUL,26.0,26.0,1.0,1.0
433,FAITHFUL,80.0,80.0,60.0,FAITHFUL,80.0,80.0,60.0,FAITHFUL,80.0,80.0,60.0,FAITHFUL,36.0,36.0,60.0,1.0
434,FAITHFUL,320.0,320.0,240.0,FAITHFUL,360.0,360.0,240.0,FAITHFUL,320.0,320.0,240.0,FAITHFUL,320.0,320.0,240.0,1.0
435,FAITHFUL,60.0,60.0,48.0,FAITHFUL,60.0,60.0,48.0,FAITHFUL,60.0,60.0,48.0,FAITHFUL,44.0,44.0,48.0,1.0
436,FAITHFUL,50.0,50.0,75.0,FAITHFUL,90.0,90.0,75.0,FAITHFUL,90.0,90.0,75.0,FAITHFUL,100.0,100.0,75.0,1.0
437,FAITHFUL,6.15,6.15,8.0,FAITHFUL,9.25,9.25,8.0,FAITHFUL,9.25,9.25,8.0,FAITHFUL,4.15,4.15,8.0,1.0
438,FAITHFUL,60.0,60.0,50.0,FAITHFUL,60.0,60.0,50.0,FAITHFUL,60.0,60.0,50.0,FAITHFUL,60.0,60.0,50.0,1.0
439,FAITHFUL,50.0,50.0,40.0,MAGIC_JUMP,40.0,50.0,40.0,FAITHFUL,50.0,50.0,40.0,FAITHFUL,50.0,50.0,40.0,0.75
440,FAITHFUL,24.0,24.0,30.0,MAGIC_JUMP,30.0,45.0,30.0,FAITHFUL,24.0,24.0,30.0,FAITHFUL,37.5,37.5,30.0,0.75
441,FAITHFUL,18720.0,18720.0,15600.0,FAITHFUL,18720.0,18720.0,15600.0,FAITHFUL,18720.0,18720.0,15600.0,FAITHFUL,18720.0,18720.0,15600.0,1.0
442,FAITHFUL,118.0,118.0,140.0,FAITHFUL,172.0,172.0,140.0,FAITHFUL,118.0,118.0,140.0,FAITHFUL,172.0,172.0,140.0,1.0
443,FAITHFUL,50.0,50.0,65.0,FAITHFUL,90.0,90.0,65.0,FAITHFUL,50.0,50.0,65.0,FAITHFUL,50.0,50.0,65.0,1.0
444,FAITHFUL,1800.0,1800.0,1600.0,FAITHFUL,1800.0,1800.0,1600.0,FAITHFUL,1750.0,1750.0,1600.0,FAITHFUL,1750.0,1750.0,1600.0,1.0
445,FAITHFUL,7.0,7.0,6.0,FAITHFUL,7.0,7.0,6.0,FAITHFUL,8.0,8.0,6.0,FAITHFUL,7.0,7.0,6.0,1.0
446,FAITHFUL,37.5,37.5,50.0,FAITHFUL,40.0,40.0,50.0,FAITHFUL,40.0,40.0,50.0,FAITHFUL,40.0,40.0,50.0,1.0
447,FAITHFUL,18.0,18.0,16.0,MAGIC_JUMP,16.0,20.0,16.0,FAITHFUL,20.0,20.0,16.0,MAGIC_JUMP,16.0,20.0,16.0,0.5
448,FAITHFUL,85.0,85.0,70.0,FAITHFUL,85.0,85.0,70.0,FAITHFUL,74.0,74.0,70.0,FAITHFUL,72.0,72.0,70.0,1.0
449,FAITHFUL,250.0,250.0,210.0,FAITHFUL,250.0,250.0,210.0,FAITHFUL,250.0,250.0,210.0,FAITHFUL,250.0,250.0,210.0,1.0
450,FAITHFUL,33.0,33.0,30.0,FAITHFUL,36.0,36.0,30.0,FAITHFUL,36.0,36.0,30.0,MAGIC_JUMP,30.0,33.0,30.0,0.75
451,FAITHFUL,798.0,798.0,768.0,FAITHFUL,798.0,798.0,768.0,FAITHFUL,620.0,620.0,768.0,FAITHFUL,798.0,798.0,768.0,1.0
452,FAITHFUL,280.0,280.0,420.0,FAITHFUL,560.0,560.0,420.0,FAITHFUL,560.0,560.0,420.0,FAITHFUL,560.0,560.0,420.0,1.0
453,FAITHFUL,35.0,35.0,40.0,FAITHFUL,36.0,36.0,40.0,FAITHFUL,35.0,35.0,40.0,FAITHFUL,34.0,34.0,40.0,1.0
455,FAITHFUL,75.0,75.0,50.0,FAITHFUL,75.0,75.0,50.0,FAITHFUL,75.0,75.0,50.0,FAITHFUL,32.5,32.5,50.0,1.0
456,FAITHFUL,20.0,20.0,18.0,FAITHFUL,20.0,20.0,18.0,FAITHFUL,16.2,16.2,18.0,MAGIC_JUMP,18.0,20.0,18.0,0.75
457,FAITHFUL,300.0,300.0,200.0,FAITHFUL,275.0,275.0,200.0,FAITHFUL,260.0,260.0,200.0,FAITHFUL,140.0,140.0,200.0,1.0
458,FAITHFUL,2016000.0,2016000.0,1680000.0,FAITHFUL,1260000.0,1260000.0,1680000.0,FAITHFUL,1344000.0,1344000.0,1680000.0,FAITHFUL,2100000.0,2100000.0,1680000.0,1.0
459,FAITHFUL,20.25,20.25,18.0,FAITHFUL,20.0,20.0,18.0,FAITHFUL,22.0,22.0,18.0,FAITHFUL,22.0,22.0,18.0,1.0
461,FAITHFUL,44.0,44.0,60.0,FAITHFUL,52.0,52.0,60.0,FAITHFUL,36.0,36.0,60.0,FAITHFUL,36.0,36.0,60.0,1.0
463,FAITHFUL,4.0,4.0,6.0,FAITHFUL,4.0,4.0,6.0,FAITHFUL,4.0,4.0,6.0,FAITHFUL,4.0,4.0,6.0,1.0
464,FAITHFUL,24.0,24.0,20.0,FAITHFUL,24.0,24.0,20.0,FAITHFUL,24.0,24.0,20.0,FAITHFUL,22.0,22.0,20.0,1.0
465,FAITHFUL,21.6,21.6,18.0,FAITHFUL,27.0,27.0,18.0,FAITHFUL,27.0,27.0,18.0,FAITHFUL,27.0,27.0,18.0,1.0
466,FAITHFUL,109.0,109.0,81.0,FAITHFUL,59.0,59.0,81.0,FAITHFUL,109.0,109.0,81.0,FAITHFUL,86.0,86.0,81.0,1.0
467,FAITHFUL,12.0,12.0,10.0,FAITHFUL,12.0,12.0,10.0,FAITHFUL,12.0,12.0,10.0,FAITHFUL,12.0,12.0,10.0,1.0
469,FAITHFUL,9.0,9.0,6.0,FAITHFUL,5.0,5.0,6.0,FAITHFUL,9.0,9.0,6.0,FAITHFUL,5.0,5.0,6.0,1.0
470,FAITHFUL,40.0,40.0,50.0,MAGIC_JUMP,50.0,57.14,50.0,NOISE,57.14285714285714,57.14,50.0,NOISE,57.14285714285714,57.14,50.0,0.5
472,FAITHFUL,485.0,485.0,673.0,MAGIC_JUMP,673.0,685.0,673.0,FAITHFUL,685.0,685.0,673.0,FAITHFUL,685.0,685.0,673.0,0.75
473,FAITHFUL,48.0,48.0,32.0,FAITHFUL,48.0,48.0,32.0,FAITHFUL,48.0,48.0,32.0,FAITHFUL,48.0,48.0,32.0,1.0
474,FAITHFUL,150.0,150.0,100.0,FAITHFUL,150.0,150.0,100.0,FAITHFUL,150.0,150.0,100.0,FAITHFUL,150.0,150.0,100.0,1.0
476,FAITHFUL,200.0,200.0,225.0,FAITHFUL,200.0,200.0,225.0,FAITHFUL,270.0,270.0,225.0,FAITHFUL,275.0,275.0,225.0,1.0
477,FAITHFUL,870.0,870.0,840.0,FAITHFUL,870.0,870.0,840.0,FAITHFUL,1120.0,1120.0,840.0,FAITHFUL,1050.0,1050.0,840.0,1.0
478,FAITHFUL,104.0,104.0,110.0,FAITHFUL,104.0,104.0,110.0,FAITHFUL,104.0,104.0,110.0,FAITHFUL,165.0,165.0,110.0,1.0
479,FAITHFUL,432.0,432.0,324.0,FAITHFUL,270.0,270.0,324.0,FAITHFUL,432.0,432.0,324.0,FAITHFUL,432.0,432.0,324.0,1.0
480,FAITHFUL,93.0,93.0,113.0,FAITHFUL,163.0,163.0,113.0,FAITHFUL,163.0,163.0,113.0,MAGIC_JUMP,113.0,163.0,113.0,0.75
481,FAITHFUL,25.0,25.0,20.0,FAITHFUL,25.0,25.0,20.0,FAITHFUL,25.0,25.0,20.0,FAITHFUL,25.0,25.0,20.0,1.0
482,FAITHFUL,282.0,282.0,274.0,FAITHFUL,276.0,276.0,274.0,FAITHFUL,276.0,276.0,274.0,FAITHFUL,276.0,276.0,274.0,1.0
483,FAITHFUL,36.0,36.0,24.0,FAITHFUL,18.0,18.0,24.0,FAITHFUL,36.0,36.0,24.0,FAITHFUL,36.0,36.0,24.0,1.0
485,FAITHFUL,56.0,56.0,44.0,FAITHFUL,56.0,56.0,44.0,FAITHFUL,56.0,56.0,44.0,FAITHFUL,42.0,42.0,44.0,1.0
486,FAITHFUL,180.0,180.0,120.0,FAITHFUL,180.0,180.0,120.0,FAITHFUL,180.0,180.0,120.0,FAITHFUL,180.0,180.0,120.0,1.0
490,FAITHFUL,5.0,5.0,3.0,FAITHFUL,4.0,4.0,3.0,FAITHFUL,2.0,2.0,3.0,FAITHFUL,4.0,4.0,3.0,1.0
491,FAITHFUL,14.0,14.0,11.0,FAITHFUL,9.0,9.0,11.0,FAITHFUL,9.0,9.0,11.0,FAITHFUL,9.0,9.0,11.0,1.0
492,FAITHFUL,80.0,80.0,96.0,FAITHFUL,80.0,80.0,96.0,FAITHFUL,114.0,114.0,96.0,FAITHFUL,80.0,80.0,96.0,1.0
493,FAITHFUL,240.0,240.0,200.0,FAITHFUL,240.0,240.0,200.0,MAGIC_JUMP,200.0,240.0,200.0,FAITHFUL,300.0,300.0,200.0,0.75
494,FAITHFUL,7.5,7.5,7.0,FAITHFUL,7.3,7.3,7.0,FAITHFUL,8.0,8.0,7.0,FAITHFUL,8.5,8.5,7.0,1.0
495,FAITHFUL,7.0,7.0,9.0,FAITHFUL,7.0,7.0,9.0,FAITHFUL,7.0,7.0,9.0,FAITHFUL,7.0,7.0,9.0,1.0
496,FAITHFUL,21.0,21.0,20.0,FAITHFUL,21.0,21.0,20.0,FAITHFUL,21.0,21.0,20.0,FAITHFUL,21.0,21.0,20.0,1.0
497,FAITHFUL,9.0,9.0,6.0,MAGIC_JUMP,6.0,9.0,6.0,FAITHFUL,9.0,9.0,6.0,FAITHFUL,9.0,9.0,6.0,0.75
498,FAITHFUL,5.0,5.0,1.0,FAITHFUL,6.0,6.0,1.0,FAITHFUL,5.0,5.0,1.0,FAITHFUL,5.0,5.0,1.0,1.0
500,FAITHFUL,10.0,10.0,9.0,FAITHFUL,12.0,12.0,9.0,FAITHFUL,10.0,10.0,9.0,FAITHFUL,10.0,10.0,9.0,1.0
